Player,Team,Age,G,GS,CG,SHO,IP,H,ER,K,BB,HR,W,L,SV,BS,HLD,ERA,WHIP
Clayton Kershaw,LAD,32,33,33,4,3,232.2,163,55,301,42,15,16,7,0,0,0,2.13,0.88
Dallas Keuchel,HOU,32,33,33,3,2,232.0,185,64,216,51,17,20,8,0,0,0,2.48,1.02
Jake Arrieta,CHC,34,33,33,4,3,229.0,150,45,236,48,10,22,6,0,0,0,1.77,0.86
Max Scherzer,WAS,35,33,33,4,3,228.2,176,71,276,34,27,14,12,0,0,0,2.79,0.92
Zack Greinke,LAD,36,32,32,1,0,222.2,148,41,200,40,14,19,3,0,0,0,1.66,0.84
Corey Kluber,CLE,34,32,32,4,0,222.0,189,86,245,45,22,9,16,0,0,0,3.49,1.05
Madison Bumgarner,SF,30,32,32,4,2,218.1,181,71,234,39,21,18,9,0,0,0,2.93,1.01
John Lackey,STL,41,33,33,1,0,218.0,211,67,175,53,21,13,10,0,0,0,2.77,1.21
R.A. Dickey,TOR,45,33,33,2,0,214.1,195,93,126,61,25,11,11,0,0,0,3.91,1.19
Jeff Samardzija,CWS,35,32,32,2,2,214.0,228,118,163,49,29,11,13,0,0,0,4.96,1.29
Chris Archer,TB,31,34,34,1,1,212.0,175,76,252,66,19,12,13,0,0,0,3.23,1.14
Chris Sale,CWS,31,31,31,1,0,208.2,185,79,274,42,23,13,11,0,0,0,3.41,1.09
Sonny Gray,OAK,30,31,31,3,2,208.0,166,63,169,59,17,14,7,0,0,0,2.73,1.08
Gerrit Cole,PIT,29,32,32,0,0,208.0,183,60,202,44,11,19,8,0,0,0,2.60,1.09
Garrett Richards,LAA,32,32,32,1,1,207.1,181,84,176,76,20,15,12,0,0,0,3.65,1.24
Jose Quintana,CWS,31,32,32,1,1,206.1,218,77,177,44,16,9,10,0,0,0,3.36,1.27
Shelby Miller,ATL,29,33,33,2,2,205.1,183,69,171,73,13,6,17,0,0,0,3.02,1.25
Jon Lester,CHC,36,32,32,1,0,205.0,183,76,207,47,16,11,12,0,0,0,3.34,1.12
Colby Lewis,TEX,40,33,33,2,1,204.2,211,106,142,42,26,17,9,0,0,0,4.66,1.24
Collin McHugh,HOU,33,32,32,0,0,203.2,207,88,171,53,19,19,7,0,0,0,3.89,1.28
James Shields,SD,38,33,33,0,0,202.1,189,88,216,81,33,13,7,0,0,0,3.91,1.33
Jordan Zimmermann,WAS,34,33,33,0,0,201.2,204,82,164,39,24,13,10,0,0,0,3.66,1.20
Felix Hernandez,SEA,34,31,31,2,2,201.2,180,79,191,58,23,18,9,0,0,0,3.53,1.18
Julio Teheran,ATL,29,33,33,0,0,200.2,189,90,171,73,27,11,8,0,0,0,4.04,1.31
Edinson Volquez,KC,37,34,33,1,0,200.1,190,79,155,72,16,13,9,0,0,0,3.55,1.31
Mark Buehrle,TOR,41,32,32,4,1,198.2,214,84,91,33,22,15,8,0,0,0,3.81,1.24
Tyson Ross,SD,33,33,33,1,0,196.0,172,71,212,84,9,10,12,0,0,0,3.26,1.31
Kyle Gibson,MIN,32,32,32,1,0,194.2,186,83,145,65,18,11,11,0,0,0,3.84,1.29
Bartolo Colon,NYM,47,33,31,1,1,194.2,217,90,136,24,25,14,13,0,0,0,4.16,1.24
Wade Miley,BOS,33,32,32,1,0,193.2,201,96,147,64,17,11,11,0,0,0,4.46,1.37
Wei-Yin Chen,BAL,34,31,31,0,0,191.1,192,71,153,41,28,11,8,0,0,0,3.34,1.22
Jacob deGrom,NYM,32,30,30,0,0,191.0,149,54,205,38,16,14,8,0,0,0,2.54,0.98
Matt Harvey,NYM,31,29,29,0,0,189.1,156,57,188,37,18,13,8,0,0,0,2.71,1.02
Rubby De La Rosa,ARI,31,32,32,0,0,188.2,193,98,150,63,32,14,9,0,0,0,4.67,1.36
Tom Koehler,MIA,34,32,31,0,0,187.1,180,85,137,77,22,11,14,0,0,0,4.08,1.37
Alfredo Simon,DET,39,31,31,2,1,187.0,201,105,117,68,24,13,12,0,0,0,5.05,1.44
Francisco Liriano,PIT,36,31,31,0,0,186.2,155,70,205,70,15,12,7,0,0,0,3.38,1.21
Danny Salazar,CLE,30,30,30,0,0,185.0,156,71,195,53,23,14,10,0,0,0,3.45,1.13
Andrew Cashner,SD,33,31,31,0,0,184.2,200,89,165,66,19,6,16,0,0,0,4.34,1.44
Anthony DeSclafani,CIN,30,31,31,0,0,184.2,194,83,151,55,17,9,13,0,0,0,4.05,1.35
Yovani Gallardo,TEX,34,33,33,0,0,184.1,193,70,121,68,15,13,11,0,0,0,3.42,1.42
Ubaldo Jimenez,BAL,36,32,32,0,0,184.0,182,84,168,68,20,12,10,0,0,0,4.11,1.36
Carlos Carrasco,CLE,33,30,30,3,1,183.2,154,74,216,43,18,14,12,0,0,0,3.63,1.07
Michael Wacha,STL,29,30,30,0,0,181.1,162,68,153,58,19,17,7,0,0,0,3.38,1.21
Marco Estrada,TOR,37,34,28,0,0,181.0,134,63,131,55,24,13,8,0,0,0,3.13,1.04
Hector Santiago,LAA,32,33,32,0,0,180.2,156,72,162,71,29,9,9,0,0,0,3.59,1.26
Brett Anderson,LAD,32,31,31,1,0,180.1,194,74,116,46,18,10,9,0,0,0,3.69,1.33
Kyle Hendricks,CHC,30,32,32,1,1,180.0,166,79,167,43,17,8,7,0,0,0,3.95,1.16
Carlos Martinez,STL,28,31,29,0,0,179.2,168,60,184,63,13,14,7,0,0,1,3.01,1.29
Chris Heston,SF,32,31,31,2,1,177.2,169,78,141,64,16,12,11,0,0,0,3.95,1.31
John Danks,CWS,35,30,30,2,1,177.2,195,93,124,56,24,7,15,0,0,0,4.71,1.41
Jimmy Nelson,MIL,31,30,30,0,0,177.1,163,81,148,65,18,11,13,0,0,0,4.11,1.29
Jon Niese,NYM,33,33,29,0,0,176.2,192,81,113,55,20,9,10,0,0,0,4.13,1.40
Trevor Bauer,CLE,29,31,30,1,0,176.0,152,89,170,79,23,11,12,0,0,0,4.55,1.31
Gio Gonzalez,WAS,34,31,31,0,0,175.2,181,74,169,69,8,11,8,0,0,0,3.79,1.42
Lance Lynn,STL,33,31,31,0,0,175.1,172,59,167,68,13,12,11,0,0,0,3.03,1.37
Chris Tillman,BAL,32,31,31,0,0,173.0,176,96,120,64,20,11,11,0,0,0,4.99,1.39
Aaron Harang,PHI,42,29,29,0,0,172.1,189,93,108,51,26,6,15,0,0,0,4.86,1.39
Rick Porcello,BOS,31,28,28,0,0,172.0,196,94,149,38,25,9,15,0,0,0,4.92,1.36
Jason Hammel,CHC,37,31,31,0,0,170.2,158,71,172,40,23,10,7,0,0,0,3.74,1.16
Taijuan Walker,SEA,27,29,29,1,0,169.2,163,86,157,40,25,11,8,0,0,0,4.56,1.20
Jake Odorizzi,TB,30,28,28,0,0,169.1,149,63,150,46,18,9,9,0,0,0,3.35,1.15
Ian Kennedy,SD,35,30,30,0,0,168.1,166,80,174,52,31,9,15,0,0,0,4.28,1.30
Jeff Locke,PIT,32,30,30,0,0,168.1,179,84,129,60,15,8,11,0,0,0,4.49,1.42
CC Sabathia,NYY,39,29,29,1,0,167.1,188,88,137,50,28,6,10,0,0,0,4.73,1.42
Mike Pelfrey,MIN,36,30,30,0,0,164.2,198,78,86,45,11,6,11,0,0,0,4.26,1.48
A.J. Burnett,PIT,43,26,26,0,0,164.0,174,58,143,49,11,9,7,0,0,0,3.18,1.36
Yordano Ventura,KC,29,28,28,0,0,163.1,154,74,156,58,14,13,8,0,0,0,4.08,1.30
Erasmo Ramirez,TB,30,34,27,0,0,163.1,145,68,126,40,16,11,6,0,0,0,3.75,1.13
Michael Pineda,NYY,31,27,27,1,0,160.2,176,78,156,21,21,12,10,0,0,0,4.37,1.23
Jered Weaver,LAA,37,26,26,1,1,159.0,163,82,90,33,24,7,12,0,0,0,4.64,1.23
Anibal Sanchez,DET,36,25,25,1,1,157.0,152,87,138,49,29,10,10,0,0,0,4.99,1.28
Jesse Chavez,OAK,36,30,26,0,0,157.0,164,73,136,48,18,7,15,1,0,0,4.18,1.35
Phil Hughes,MIN,34,27,25,1,0,155.1,184,76,94,16,29,11,9,0,0,0,4.40,1.29
Nathan Eovaldi,NYY,30,27,27,0,0,154.1,175,72,121,49,10,14,3,0,0,0,4.20,1.45
Masahiro Tanaka,NYY,31,24,24,1,0,154.0,126,60,139,27,25,12,7,0,0,0,3.51,0.99
Chase Anderson,ARI,32,27,27,0,0,152.2,158,73,111,40,18,6,6,0,0,0,4.30,1.30
Kyle Lohse,MIL,41,37,22,0,0,152.1,180,99,108,43,29,5,13,2,0,2,5.85,1.46
Drew Hutchison,TOR,29,30,28,1,1,150.1,179,93,129,44,22,13,5,0,0,0,5.57,1.48
Noah Syndergaard,NYM,27,24,24,0,0,150.0,126,54,166,31,19,9,7,0,0,0,3.24,1.05
Jorge De La Rosa,COL,39,26,26,1,0,149.0,137,69,134,65,17,9,7,0,0,0,4.17,1.36
Matt Garza,MIL,36,26,25,0,0,148.2,176,93,104,57,23,6,14,0,0,0,5.63,1.57
Jeremy Guthrie,KC,41,30,24,0,0,148.1,186,98,84,44,29,8,8,0,0,0,5.95,1.55
Nate Karns,TB,32,27,26,0,0,147.0,132,60,145,56,19,7,5,0,0,0,3.67,1.28
David Price,DET,34,21,21,3,1,146.0,133,41,138,29,13,9,4,0,0,0,2.53,1.11
Jeremy Hellickson,ARI,33,27,27,0,0,146.0,151,75,121,43,22,9,12,0,0,0,4.62,1.33
Miguel Gonzalez,BAL,36,26,26,0,0,144.2,151,79,109,51,24,9,12,0,0,0,4.91,1.40
Kyle Kendrick,COL,35,27,27,0,0,142.1,172,100,80,45,33,7,13,0,0,0,6.32,1.52
Carlos Rodon,CWS,27,26,23,1,0,139.1,130,58,139,71,11,9,6,0,0,0,3.75,1.44
Danny Duffy,KC,31,30,24,0,0,136.2,137,62,102,53,15,7,8,1,0,2,4.08,1.39
Mike Leake,CIN,32,21,21,1,0,136.2,123,54,90,34,14,9,5,0,0,0,3.56,1.15
Matt Shoemaker,LAA,33,25,24,0,0,135.1,135,67,116,35,24,7,10,0,0,0,4.46,1.26
Ryan Vogelsong,SF,42,33,22,0,0,135.0,140,70,108,58,17,9,11,0,1,0,4.67,1.47
Joe Kelly,BOS,32,25,25,0,0,134.1,145,72,110,49,15,10,6,0,0,0,4.82,1.44
Justin Verlander,DET,37,20,20,1,1,133.1,113,50,113,32,13,5,8,0,0,0,3.38,1.09
C.J. Wilson,LAA,39,21,21,0,0,132.0,118,57,110,46,13,8,8,0,0,0,3.89,1.24
Chris Rusin,COL,33,24,22,2,1,131.2,170,78,86,41,19,6,10,0,0,0,5.33,1.60
Adam Warren,NYY,32,43,17,0,0,131.1,114,48,104,39,10,7,7,1,0,3,3.29,1.16
Johnny Cueto,CIN,34,19,19,1,1,130.2,93,38,120,29,11,7,6,0,0,0,2.62,0.93
Jaime Garcia,STL,33,20,20,0,0,129.2,106,35,97,30,6,10,6,0,0,0,2.43,1.05
Hisashi Iwakuma,SEA,38,20,20,1,1,129.2,117,51,111,21,18,9,5,0,0,0,3.54,1.06
Charlie Morton,PIT,36,23,23,0,0,129.0,137,69,96,41,13,9,9,0,0,0,4.81,1.38
Dan Haren,MIA,39,21,21,0,0,129.0,116,49,88,25,21,7,7,0,0,0,3.42,1.09
Cole Hamels,PHI,36,20,20,1,1,128.2,113,52,137,39,12,6,7,0,0,0,3.64,1.18
Tommy Milone,MIN,33,24,23,0,0,128.2,128,56,91,36,17,9,5,1,0,0,3.92,1.27
Robbie Ray,ARI,28,23,23,0,0,127.2,121,50,119,49,9,5,12,0,0,0,3.52,1.33
Stephen Strasburg,WAS,31,23,23,0,0,127.1,115,49,155,26,14,11,7,0,0,0,3.46,1.11
Odrisamer Despaigne,SD,33,34,18,0,0,125.2,142,81,69,32,17,5,9,0,0,0,5.80,1.38
Lance McCullers,HOU,26,22,22,1,0,125.2,106,45,129,43,10,6,7,0,0,0,3.22,1.19
Nick Martinez,TEX,29,24,21,0,0,125.0,135,55,77,46,16,7,7,0,0,0,3.96,1.45
Tim Hudson,SF,44,24,22,0,0,123.2,134,61,64,37,13,8,9,0,0,0,4.44,1.38
Chris Young,KC,41,34,18,0,0,123.1,91,42,83,43,16,11,6,0,1,2,3.06,1.09
Eduardo Rodriguez,BOS,27,21,21,0,0,121.2,120,52,98,37,13,10,6,0,0,0,3.85,1.29
Jerome Williams,PHI,38,33,21,0,0,121.0,161,78,74,34,22,4,12,1,1,4,5.80,1.61
Josh Collmenter,ARI,34,44,12,1,1,121.0,129,51,63,24,18,4,6,1,0,1,3.79,1.26
Taylor Jungmann,MIL,30,21,21,1,0,119.1,106,50,107,47,11,9,8,0,0,0,3.77,1.28
Alex Wood,ATL,29,20,20,0,0,119.1,132,47,90,36,8,7,6,0,0,0,3.54,1.41
Mike Fiers,MIL,35,21,21,0,0,118.0,117,51,121,43,14,5,9,0,0,0,3.89,1.36
Williams Perez,ATL,29,23,20,1,0,116.2,130,62,73,51,13,7,6,1,0,0,4.78,1.55
Kendall Graveman,OAK,29,21,21,1,0,115.2,126,52,77,38,15,6,9,0,0,0,4.05,1.42
Roenis Elias,SEA,31,22,20,0,0,115.1,106,53,97,44,15,5,8,0,0,1,4.14,1.30
Chad Bettis,COL,31,20,20,0,0,115.0,120,54,98,42,11,8,6,0,0,0,4.23,1.41
Trevor May,MIN,30,48,16,0,0,114.2,127,51,110,26,11,8,9,0,2,7,4.00,1.33
Michael Lorenzen,CIN,28,27,21,0,0,113.1,131,68,83,57,18,4,9,0,0,1,5.40,1.66
Clay Buchholz,BOS,35,18,18,1,0,113.1,114,41,107,23,6,7,7,0,0,0,3.26,1.21
Kevin Gausman,BAL,29,25,17,0,0,112.1,109,53,103,29,17,4,7,0,0,1,4.25,1.23
David Phelps,MIA,33,23,19,0,0,112.0,119,56,77,33,11,4,8,0,0,0,4.50,1.36
Tanner Roark,WAS,33,40,12,0,0,111.0,119,54,70,26,17,4,7,1,1,4,4.38,1.31
Jake Peavy,SF,39,19,19,0,0,110.2,99,44,78,25,12,8,6,0,0,0,3.58,1.12
Scott Kazmir,OAK,36,18,18,0,0,109.2,84,29,101,35,7,5,5,0,0,0,2.38,1.09
Alex Colome,TB,31,43,13,0,0,109.2,112,48,88,31,9,8,5,0,5,8,3.94,1.30
Michael Bolsinger,LAD,32,21,21,0,0,109.1,104,44,98,45,11,6,6,0,0,0,3.62,1.36
Matt Wisler,ATL,27,20,19,0,0,109.0,119,57,72,40,16,8,8,0,0,0,4.71,1.46
Wily Peralta,MIL,31,20,20,0,0,108.2,130,57,60,37,14,5,10,0,0,0,4.72,1.54
J.A. Happ,SEA,37,21,20,0,0,108.2,121,56,82,32,13,4,6,0,0,0,4.64,1.41
Scott Feldman,HOU,37,18,18,0,0,108.1,115,47,61,27,13,5,5,0,0,0,3.90,1.31
Ervin Santana,MIN,37,17,17,0,0,108.0,104,48,82,36,12,7,5,0,0,0,4.00,1.30
Andrew Heaney,LAA,29,18,18,0,0,105.2,99,41,78,28,9,6,4,0,0,0,3.49,1.20
Doug Fister,WAS,36,25,15,0,0,103.0,120,48,63,24,14,5,7,1,0,0,4.19,1.40
Travis Wood,CHC,33,54,9,0,0,100.2,86,43,118,39,11,5,4,4,0,3,3.84,1.24
Jesse Hahn,OAK,30,16,16,1,1,96.2,88,36,64,25,5,6,6,0,0,0,3.35,1.17
Raisel Iglesias,CIN,30,18,16,0,0,95.1,81,44,104,28,11,3,7,0,0,0,4.15,1.14
Ivan Nova,NYY,33,17,17,0,0,94.0,99,53,63,33,13,6,11,0,0,0,5.07,1.40
Brad Hand,MIA,30,38,12,0,0,93.1,107,55,67,32,9,4,7,0,0,2,5.30,1.49
Aaron Sanchez,TOR,28,41,11,0,0,92.1,74,33,61,44,9,7,6,0,1,10,3.22,1.28
Cody Anderson,CLE,29,15,15,1,0,91.1,77,31,44,24,9,7,3,0,0,0,3.05,1.11
Mike Montgomery,SEA,31,16,16,2,2,90.0,92,46,64,37,11,4,6,0,0,0,4.60,1.43
Mat Latos,MIA,32,16,16,0,0,88.1,85,44,79,25,8,4,7,0,0,0,4.48,1.25
Mike Foltynewicz,ATL,28,18,15,0,0,86.2,112,55,77,29,17,4,6,0,0,1,5.71,1.63
Wandy Rodriguez,TEX,41,17,15,0,0,86.1,99,47,72,36,10,6,4,0,0,0,4.90,1.56
Drew Pomeranz,OAK,31,53,9,0,0,86.0,71,35,82,31,8,5,6,3,3,12,3.66,1.19
Chris Bassitt,OAK,31,18,13,0,0,86.0,78,34,64,30,5,1,8,0,0,0,3.56,1.26
Patrick Corbin,ARI,30,16,16,0,0,85.0,91,34,78,17,9,6,5,0,0,0,3.60,1.27
Roberto Hernandez,HOU,39,20,11,0,0,84.2,90,41,42,26,9,3,5,0,0,0,4.36,1.37
Adam Morgan,PHI,30,15,15,0,0,84.1,88,42,49,17,14,5,7,0,0,0,4.48,1.25
Dellin Betances,NYY,32,74,0,0,0,84.0,45,14,131,40,6,6,4,9,4,29,1.50,1.01
Cole Hamels,TEX,36,12,12,1,0,83.2,77,34,78,23,10,7,1,0,0,0,3.66,1.20
Shane Greene,DET,31,18,16,0,0,83.2,103,64,50,27,13,4,8,0,0,0,6.88,1.55
Johnny Cueto,KC,34,13,13,1,1,81.1,101,43,56,17,10,4,7,0,0,0,4.76,1.45
Justin De Fratus,PHI,32,61,0,0,0,80.0,92,49,68,32,9,0,2,0,1,1,5.51,1.55
Brad Brach,BAL,34,62,0,0,0,79.1,57,24,89,38,7,5,3,1,1,14,2.72,1.20
Eddie Butler,COL,29,16,16,1,0,79.1,102,52,44,42,13,3,10,0,0,0,5.90,1.82
Martin Perez,TEX,29,14,14,0,0,78.2,88,39,48,24,3,3,6,0,0,0,4.46,1.42
David Hale,COL,32,17,12,0,0,78.1,95,53,61,20,14,5,5,0,0,0,6.09,1.47
Jeurys Familia,NYM,30,76,0,0,0,78.0,59,16,86,19,6,2,2,43,5,1,1.85,1.00
Aaron Nola,PHI,27,13,13,0,0,77.2,74,31,68,19,11,6,2,0,0,0,3.59,1.20
Carlos Frias,LAD,30,17,13,0,0,77.2,88,35,43,26,7,5,5,0,0,0,4.06,1.47
Joe Ross,WAS,27,16,13,0,0,76.2,64,31,69,21,7,5,5,0,0,0,3.64,1.11
Mark Melancon,PIT,35,78,0,0,0,76.2,57,19,62,14,4,3,2,51,2,1,2.23,0.93
Tim Lincecum,SF,36,15,15,0,0,76.1,75,35,60,38,7,7,4,0,0,0,4.13,1.48
Yusmeiro Petit,SF,35,42,1,0,0,76.0,75,31,59,15,11,1,1,1,0,0,3.67,1.18
Tony Watson,PIT,35,77,0,0,0,75.1,55,16,62,17,3,4,1,1,2,41,1.91,0.96
Andrew Chafin,ARI,30,66,0,0,0,75.0,56,23,58,30,3,5,1,2,0,16,2.76,1.15
Kevin Siegrist,STL,31,81,0,0,0,74.2,53,18,90,34,4,7,1,6,4,28,2.17,1.17
David Buchanan,PHI,31,15,15,0,0,74.2,109,58,44,29,12,2,9,0,0,0,6.99,1.85
Arquimedes Caminero,PIT,33,73,0,0,0,74.2,63,30,73,29,7,5,1,0,1,15,3.62,1.23
Jeanmar Gomez,PHI,32,65,0,0,0,74.2,82,25,50,17,4,2,3,0,3,7,3.01,1.33
Vidal Nuno,SEA,32,32,10,0,0,74.2,80,34,62,17,14,1,4,0,0,4,4.10,1.30
David Price,TOR,34,11,11,0,0,74.1,57,19,87,18,4,9,1,0,0,0,2.30,1.01
Justin Nicolino,MIA,28,12,12,0,0,74.0,72,33,23,20,8,5,4,0,0,0,4.01,1.24
Scott Kazmir,HOU,36,13,13,0,0,73.1,78,34,54,24,13,2,6,0,0,0,4.17,1.39
George Kontos,SF,35,73,0,0,0,73.1,57,19,44,12,9,4,4,0,2,14,2.33,0.94
Steven Wright,BOS,35,16,9,0,0,72.2,67,33,52,27,12,5,4,0,0,0,4.09,1.29
Shawn Tolleson,TEX,32,73,0,0,0,72.1,66,24,76,17,9,6,4,35,2,6,2.99,1.15
Randall Delgado,ARI,30,64,1,0,0,72.0,63,26,73,33,7,8,4,1,2,13,3.25,1.33
Vance Worley,PIT,32,23,8,0,0,71.2,81,32,49,21,6,4,6,0,1,0,4.02,1.42
Sean O'Sullivan,PHI,32,13,13,0,0,71.0,94,48,35,20,16,1,6,0,0,0,6.08,1.61
Will Harris,HOU,35,68,0,0,0,71.0,42,15,68,22,8,5,5,2,4,13,1.90,0.90
Alex Wood,LAD,29,12,12,0,0,70.1,66,34,49,23,7,5,6,0,0,0,4.35,1.27
AJ Ramos,MIA,33,71,0,0,0,70.1,45,18,87,26,6,2,4,32,6,4,2.30,1.01
Alex Wilson,DET,33,59,1,0,0,70.0,61,17,38,11,5,3,3,2,2,7,2.19,1.03
Hector Rondon,CHC,32,72,0,0,0,70.0,55,13,69,15,4,6,4,30,4,8,1.67,1.00
Ken Giles,PHI,29,69,0,0,0,70.0,59,14,87,25,2,6,3,15,5,12,1.80,1.20
Carson Smith,SEA,30,70,0,0,0,70.0,49,18,92,22,2,2,5,13,5,22,2.31,1.01
Roberto Osuna,TOR,25,68,0,0,0,69.2,48,20,75,16,7,1,6,20,3,7,2.58,0.92
Jarred Cosart,MIA,30,14,13,0,0,69.2,63,35,47,33,10,2,5,0,0,0,4.52,1.38
Kelvin Herrera,KC,30,72,0,0,0,69.2,52,21,64,26,5,4,3,0,7,21,2.71,1.12
Cody Allen,CLE,31,70,0,0,0,69.1,56,23,99,25,2,2,5,34,4,0,2.99,1.17
Zach McAllister,CLE,32,61,1,0,0,69.0,70,23,84,23,7,4,4,1,1,12,3.00,1.35
Trevor Rosenthal,STL,30,68,0,0,0,68.2,62,16,83,25,3,2,4,48,3,0,2.10,1.27
Yohan Flande,COL,34,19,10,0,0,68.1,73,36,43,25,14,3,3,0,0,0,4.74,1.43
Christian Bergman,COL,32,30,4,0,0,68.1,82,36,37,15,8,3,1,0,0,0,4.74,1.42
Brad Ziegler,ARI,40,66,0,0,0,68.0,48,14,36,17,3,0,3,30,2,4,1.85,0.96
Pedro Strop,CHC,35,76,0,0,0,68.0,39,22,81,29,5,2,6,3,2,28,2.91,1.00
Jeremy Jeffress,MIL,32,72,0,0,0,68.0,64,20,67,22,5,5,0,0,5,24,2.65,1.26
Daniel Hudson,ARI,33,64,1,0,0,67.2,64,29,71,25,7,4,3,4,2,20,3.86,1.32
Blake Treinen,WAS,31,60,0,0,0,67.2,62,29,65,32,4,2,5,0,3,10,3.86,1.39
Steve Geltz,TB,32,70,2,0,0,67.1,45,28,61,26,8,2,6,2,3,20,3.74,1.05
Wade Davis,KC,34,69,0,0,0,67.1,33,7,78,20,3,8,1,17,1,18,0.94,0.79
Jared Hughes,PIT,35,76,0,0,0,67.0,70,17,36,19,3,3,1,0,3,21,2.28,1.33
James Paxton,SEA,31,13,13,0,0,67.0,67,29,56,29,8,3,4,0,0,0,3.90,1.43
Jose Alvarez,LAA,31,64,0,0,0,67.0,58,26,59,23,5,4,3,0,1,7,3.49,1.21
Adam Conley,MIA,30,15,11,0,0,67.0,65,28,59,21,7,4,1,0,0,0,3.76,1.28
Chi Chi Gonzalez,TEX,28,14,10,1,1,67.0,49,29,30,32,6,4,6,0,0,0,3.90,1.21
Luis Garcia,PHI,33,72,0,0,0,66.2,72,26,63,37,4,4,6,2,2,16,3.51,1.64
Drew Smyly,TB,31,12,12,0,0,66.2,58,23,77,20,11,5,2,0,0,0,3.11,1.17
Aroldis Chapman,CIN,32,65,0,0,0,66.1,43,12,116,33,3,4,4,33,3,0,1.63,1.15
Bud Norris,BAL,35,18,11,0,0,66.1,84,52,50,25,14,2,9,0,1,0,7.06,1.64
Burke Badenhop,CIN,37,68,0,0,0,66.1,71,29,36,20,4,2,4,0,2,7,3.93,1.37
Josh Tomlin,CLE,35,10,10,2,0,65.2,47,22,57,8,13,7,2,0,0,0,3.02,0.84
Matt Andriese,TB,30,25,8,0,0,65.2,69,30,49,18,8,3,5,2,0,0,4.11,1.32
Zack Britton,BAL,32,64,0,0,0,65.2,51,14,79,14,3,4,1,36,4,0,1.92,0.99
Joe Smith,LAA,36,70,0,0,0,65.1,64,26,57,19,4,5,5,5,4,32,3.58,1.27
Alexi Ogando,BOS,36,64,0,0,0,65.1,59,29,53,28,12,3,1,0,4,12,3.99,1.33
Joaquin Benoit,SD,42,67,0,0,0,65.1,36,17,63,23,7,6,5,2,4,28,2.34,0.90
Darren O'Day,BAL,37,68,0,0,0,65.1,47,11,82,14,5,6,2,6,5,18,1.52,0.93
Blaine Boyer,MIN,38,68,0,0,0,65.0,62,18,33,19,5,3,6,1,2,19,2.49,1.25
Craig Breslow,BOS,39,45,2,0,0,65.0,69,30,46,23,12,0,4,1,3,1,4.15,1.42
Jose Fernandez,MIA,27,11,11,0,0,64.2,61,21,79,14,4,6,1,0,0,0,2.92,1.16
Liam Hendriks,TOR,31,58,0,0,0,64.2,59,21,71,11,3,5,0,0,2,5,2.92,1.08
J.J. Hoover,CIN,32,67,0,0,0,64.1,44,21,52,31,7,8,2,1,6,18,2.94,1.17
Anthony Bass,TEX,32,33,0,0,0,64.0,66,32,45,20,5,0,0,0,1,0,4.50,1.34
Bryan Shaw,CLE,32,74,0,0,0,64.0,59,21,54,19,8,3,3,2,4,23,2.95,1.22
Fernando Salas,LAA,35,72,0,0,0,63.2,61,30,74,12,8,5,2,0,2,17,4.24,1.15
Kyle Lobstein,DET,30,13,11,0,0,63.2,78,42,32,23,7,3,8,0,0,0,5.94,1.59
J.R. Graham,MIN,30,39,1,0,0,63.2,73,35,53,21,10,1,1,0,1,0,4.95,1.48
Seth Maness,STL,31,76,0,0,0,63.1,77,30,46,13,7,4,2,3,3,20,4.26,1.42
Casey Fien,MIN,36,62,0,0,0,63.1,61,25,41,8,6,4,6,0,4,18,3.55,1.09
Will Smith,MIL,30,76,0,0,0,63.1,52,19,91,24,5,7,2,0,4,20,2.70,1.20
J.A. Happ,PIT,37,11,11,0,0,63.1,52,13,69,13,3,7,2,0,0,0,1.85,1.03
David Robertson,CWS,35,60,0,0,0,63.1,46,24,86,13,7,6,5,34,7,0,3.41,0.93
Ryan Madson,KC,39,68,0,0,0,63.1,47,15,58,14,5,1,2,3,2,20,2.13,0.96
Matt Moore,TB,31,12,12,0,0,63.0,74,38,46,23,9,3,4,0,0,0,5.43,1.54
Bryan Morris,MIA,33,67,0,0,0,63.0,67,22,47,26,3,5,4,0,2,18,3.14,1.48
Brad Boxberger,TB,32,69,0,0,0,63.0,54,26,74,32,9,4,10,41,6,2,3.71,1.37
Henry Owens,BOS,27,11,11,0,0,63.0,62,32,50,24,7,4,4,0,0,0,4.57,1.37
Mike Fiers,HOU,35,10,9,1,1,62.1,45,23,59,21,10,2,1,0,0,0,3.32,1.06
Franklin Morales,KC,34,67,0,0,0,62.1,58,22,41,14,4,4,2,0,1,8,3.18,1.16
Huston Street,LAA,36,62,0,0,0,62.1,52,22,57,20,7,3,3,40,5,0,3.18,1.16
Luis Severino,NYY,26,11,11,0,0,62.1,53,20,56,22,9,5,3,0,0,0,2.89,1.20
Tom Wilhelmsen,SEA,36,53,0,0,0,62.0,56,22,60,29,3,2,2,13,2,7,3.19,1.37
Al Alburquerque,DET,34,67,0,0,0,62.0,63,29,58,33,4,4,1,0,1,7,4.21,1.55
Andrew Miller,NYY,35,60,0,0,0,61.2,33,14,100,20,5,3,2,36,2,0,2.04,0.86
Jose Urena,MIA,28,20,9,0,0,61.2,73,36,28,25,5,1,5,0,1,0,5.25,1.59
Blaine Hardy,DET,33,70,0,0,0,61.1,61,21,55,22,2,5,3,0,3,13,3.08,1.35
Carlos Villanueva,STL,36,35,0,0,0,61.0,50,20,55,21,6,4,3,2,0,0,2.95,1.16
Justin Wilson,NYY,32,74,0,0,0,61.0,49,21,66,20,3,5,0,0,2,29,3.10,1.13
Luke Gregerson,HOU,36,64,0,0,0,61.0,48,21,59,10,5,7,3,31,5,0,3.10,0.95
Robbie Ross,BOS,31,54,0,0,0,60.2,59,26,53,20,7,0,2,6,2,12,3.86,1.30
Zach Duke,CWS,37,71,0,0,0,60.2,47,23,66,32,9,3,6,1,2,26,3.41,1.30
Matt Cain,SF,35,13,11,0,0,60.2,71,39,41,20,12,2,4,0,0,0,5.79,1.50
Jumbo Diaz,CIN,36,61,0,0,0,60.1,58,28,70,18,9,2,1,1,4,7,4.18,1.26
Keone Kela,TEX,27,68,0,0,0,60.1,52,16,68,18,4,7,5,1,3,22,2.39,1.16
Tyler Lyons,STL,32,17,8,0,0,60.0,59,25,60,15,12,3,1,0,0,0,3.75,1.23
Evan Scribner,OAK,34,54,0,0,0,60.0,58,29,64,4,14,2,2,0,4,8,4.35,1.03
Craig Kimbrel,SD,32,61,0,0,0,59.1,40,17,87,22,6,4,2,39,4,0,2.58,1.04
Justin Masterson,BOS,35,18,9,0,0,59.1,68,37,49,27,7,4,2,0,0,2,5.61,1.60
Brandon Gomes,TB,35,63,0,0,0,59.0,55,28,44,15,10,2,6,1,2,16,4.27,1.19
Junichi Tazawa,BOS,34,61,0,0,0,58.2,65,27,56,13,5,2,7,3,7,16,4.14,1.33
Derek Holland,TEX,33,10,10,1,1,58.2,59,32,41,17,11,4,3,0,0,0,4.91,1.30
Fernando Rodriguez,OAK,36,56,0,0,0,58.2,43,25,65,24,4,4,2,0,2,6,3.84,1.14
Juan Nicasio,LAD,33,53,1,0,0,58.1,59,25,65,32,1,1,3,1,2,14,3.86,1.56
Christian Friedrich,COL,32,68,0,0,0,58.1,75,34,45,25,5,0,4,0,0,9,5.25,1.71
Kris Medlen,KC,34,15,8,0,0,58.1,56,26,40,18,6,6,2,0,0,0,4.01,1.27
Dan Haren,CHC,39,11,11,0,0,58.1,58,26,44,13,10,4,2,0,0,0,4.01,1.22
Kevin Quackenbush,SD,31,57,0,0,0,58.1,52,26,58,20,6,3,2,0,1,2,4.01,1.23
Chasen Shreve,NYY,29,59,0,0,0,58.1,49,20,64,33,10,6,2,0,1,10,3.09,1.41
Scott Oberg,COL,30,64,0,0,0,58.1,58,33,44,31,10,3,4,1,2,15,5.09,1.53
Tyler Duffey,MIN,29,10,10,0,0,58.0,56,20,53,20,4,5,1,0,0,0,3.10,1.31
Santiago Casilla,SF,39,67,0,0,0,58.0,51,18,62,23,6,4,2,38,6,0,2.79,1.28
Carlos Torres,NYM,37,59,0,0,0,57.2,61,30,48,18,5,5,6,0,1,11,4.68,1.37
Sean Gilmartin,NYM,30,50,1,0,0,57.1,50,17,54,18,2,3,2,0,1,2,2.67,1.19
Antonio Bastardo,PIT,34,66,0,0,0,57.1,39,19,64,26,4,4,1,1,1,9,2.98,1.13
Sergio Romo,SF,37,70,0,0,0,57.1,51,19,71,10,3,0,5,2,2,34,2.98,1.06
Glen Perkins,MIN,37,60,0,0,0,57.0,58,21,54,10,9,3,5,32,3,3,3.32,1.19
Francisco Rodriguez,MIL,38,60,0,0,0,57.0,38,14,62,11,6,1,3,38,2,0,2.21,0.86
Yimi Garcia,LAD,29,59,1,0,0,56.2,44,21,68,10,8,3,5,1,5,11,3.34,0.95
Kyle Ryan,DET,28,16,6,0,0,56.1,60,28,30,20,9,2,4,0,0,0,4.47,1.42
Dan Jennings,CWS,33,53,0,0,0,56.1,55,25,46,24,3,2,3,0,0,4,3.99,1.40
Vince Velasquez,HOU,28,19,7,0,0,55.2,50,27,58,21,5,1,1,0,0,0,4.37,1.28
John Axford,COL,37,60,0,0,0,55.2,56,26,62,32,4,4,5,25,6,2,4.20,1.58
Michael Blazek,MIL,31,45,0,0,0,55.2,40,15,47,18,3,5,3,0,0,4,2.43,1.04
Mike Leake,SF,32,9,9,1,1,55.1,51,25,29,15,8,2,5,0,0,0,4.07,1.19
Drew Storen,WAS,32,58,0,0,0,55.0,45,21,67,16,4,2,2,29,5,5,3.44,1.11
Ryan Mattheus,CIN,36,57,0,0,0,55.0,67,25,35,17,3,2,4,0,1,8,4.09,1.53
Pat Neshek,HOU,39,66,0,0,0,54.2,49,22,51,12,8,3,6,1,3,28,3.62,1.12
Tony Sipp,HOU,36,60,0,0,0,54.1,41,12,62,15,5,3,4,0,3,13,1.99,1.03
Brett Cecil,TOR,34,63,0,0,0,54.1,39,15,70,13,4,5,5,5,3,9,2.48,0.96
Mike Dunn,MIA,35,72,0,0,0,54.0,46,27,65,29,6,2,5,0,3,23,4.50,1.39
Hansel Robles,NYM,29,57,0,0,0,54.0,37,22,61,18,8,4,3,0,4,12,3.67,1.02
Felix Doubront,OAK,32,11,8,0,0,52.2,55,34,43,21,9,2,2,1,0,0,5.81,1.44
Keyvius Sampson,CIN,29,13,12,0,0,52.1,67,38,42,26,7,2,6,0,0,0,6.54,1.78
Kenley Jansen,LAD,32,54,0,0,0,52.1,33,14,80,8,6,2,1,36,2,1,2.41,0.78
Cesar Ramos,LAA,36,65,0,0,0,52.1,55,16,43,15,2,2,1,0,2,5,2.75,1.34
Jake Petricka,CWS,32,62,0,0,0,52.0,56,21,33,18,2,4,3,2,1,12,3.63,1.42
Hunter Strickland,SF,31,55,0,0,0,51.1,34,14,50,10,4,3,3,0,2,20,2.45,0.86
Shawn Kelley,SD,36,53,0,0,0,51.1,41,14,63,15,4,2,2,0,0,7,2.45,1.09
Pedro Baez,LAD,32,52,0,0,0,51.0,47,19,60,11,4,4,2,0,3,11,3.35,1.14
Danny Farquhar,SEA,33,43,0,0,0,51.0,53,29,48,17,9,1,8,1,2,8,5.12,1.37
Brandon Maurer,SD,30,53,0,0,0,51.0,39,17,39,15,3,7,4,0,1,12,3.00,1.06
Aaron Brooks,OAK,30,11,9,0,0,51.0,67,38,35,14,9,3,4,0,0,0,6.71,1.59
Jerad Eickhoff,PHI,30,8,8,0,0,51.0,40,15,49,13,5,3,3,0,0,0,2.65,1.04
Matthew Boyd,DET,29,11,10,0,0,50.2,56,37,36,19,12,1,4,0,0,0,6.57,1.48
Luke Hochevar,KC,36,49,0,0,0,50.2,49,21,49,16,7,1,1,1,1,6,3.73,1.28
Ryan Webb,CLE,34,40,0,0,0,50.2,46,18,31,12,4,1,0,0,0,0,3.20,1.14
Josh Fields,HOU,34,54,0,0,0,50.2,39,20,67,19,2,4,1,0,2,5,3.55,1.14
Fernando Rodney,SEA,43,54,0,0,0,50.2,51,32,43,25,8,5,5,16,6,7,5.68,1.50
Corey Knebel,MIL,28,48,0,0,0,50.1,44,18,58,17,8,0,0,0,1,3,3.22,1.21
Pedro Villarreal,CIN,32,29,0,0,0,50.0,57,19,29,12,6,1,3,0,0,0,3.42,1.38
Justin Grimm,CHC,30,62,0,0,0,49.2,31,11,67,26,4,3,5,3,3,15,1.99,1.15
John Lamb,CIN,29,10,10,0,0,49.2,58,32,58,19,8,1,5,0,0,0,5.80,1.55
Neal Cotts,MIL,40,51,0,0,0,49.2,44,18,49,17,9,1,0,0,0,4,3.26,1.23
Chad Qualls,HOU,41,60,0,0,0,49.1,46,24,46,9,6,3,5,4,2,10,4.38,1.11
Brian Matusz,BAL,33,58,0,0,0,49.0,38,16,56,20,5,1,4,0,2,2,2.94,1.18
Jordan Lyles,COL,29,10,10,0,0,49.0,54,28,30,19,2,2,5,0,0,0,5.14,1.49
Zach Putnam,CWS,33,49,0,0,0,48.2,42,22,64,24,7,3,3,0,3,6,4.07,1.36
Brian Duensing,MIN,37,55,0,0,0,48.2,46,23,24,21,5,4,1,1,1,6,4.25,1.38
Jason Motte,CHC,38,57,0,0,0,48.1,48,21,34,11,4,8,1,6,1,9,3.91,1.22
Felipe Vazquez,WAS,29,49,0,0,0,48.1,35,15,43,11,2,2,1,2,1,6,2.79,0.95
Jim Johnson,ATL,37,49,0,0,0,48.0,45,12,33,14,2,2,3,9,4,20,2.25,1.23
Eric Stults,ATL,40,9,8,0,0,47.2,48,31,31,13,10,1,5,0,0,0,5.85,1.28
Fernando Abad,OAK,34,62,0,0,0,47.2,45,22,45,19,11,2,2,0,3,1,4.15,1.34
Tom Layne,BOS,35,64,0,0,0,47.2,41,21,45,27,3,2,1,1,1,9,3.97,1.43
Trevor Gott,LAA,27,48,0,0,0,47.2,43,16,27,16,2,4,2,0,4,14,3.02,1.24
Jason Marquis,CIN,41,9,9,0,0,47.1,64,34,37,14,10,3,4,0,0,0,6.46,1.65
Joe Beimel,SEA,43,53,0,0,0,47.1,49,21,22,16,8,2,1,1,2,6,3.99,1.37
Dan Otero,OAK,35,41,0,0,0,46.2,64,35,28,6,7,2,4,0,1,2,6.75,1.50
Mike Wright,BAL,30,12,9,0,0,44.2,52,30,26,18,9,3,5,0,0,0,6.04,1.57
Greg Holland,KC,34,48,0,0,0,44.2,39,19,49,26,2,3,2,32,5,0,3.83,1.46
Tommy Hunter,BAL,34,39,0,0,0,44.2,41,18,32,11,3,2,2,0,1,6,3.63,1.16
J.P. Howell,LAD,37,65,0,0,0,44.0,47,7,39,14,3,6,1,1,3,9,1.43,1.39
Sam Dyson,MIA,32,44,0,0,0,44.0,41,18,41,17,3,3,3,0,2,9,3.68,1.32
Matt Barnes,BOS,30,32,2,0,0,43.0,56,26,39,15,9,3,4,0,0,3,5.44,1.65
Jason Vargas,KC,37,9,9,0,0,43.0,46,19,27,12,5,5,2,0,0,0,3.98,1.35
Xavier Cedeno,TB,33,61,0,0,0,43.0,37,10,43,12,3,4,1,1,0,20,2.09,1.14
Ross Detwiler,TEX,34,17,7,0,0,43.0,62,34,28,20,9,0,5,0,1,1,7.12,1.91
Bo Schultz,TOR,34,31,0,0,0,43.0,32,17,31,14,7,0,1,1,2,4,3.56,1.07
Tyler Cravy,MIL,30,14,7,0,0,42.2,47,27,35,22,5,0,8,0,1,0,5.70,1.62
Aaron Loup,TOR,32,60,0,0,0,42.1,47,21,46,7,6,2,5,0,4,9,4.46,1.28
Clayton Richard,CHC,36,23,3,0,0,42.1,47,18,22,7,3,4,2,0,0,2,3.83,1.28
Kevin Jepsen,TB,35,46,0,0,0,41.2,34,13,34,20,4,2,5,5,4,22,2.81,1.30
Joe Blanton,KC,39,15,4,0,0,41.2,43,18,40,7,6,2,2,2,0,0,3.89,1.20
Matt Thornton,WAS,43,60,0,0,0,41.1,33,10,23,11,2,2,1,0,1,18,2.18,1.06
Chaz Roe,BAL,33,36,0,0,0,41.1,44,19,38,17,4,4,2,0,1,4,4.14,1.48
Joakim Soria,DET,36,43,0,0,0,41.0,32,13,36,11,8,3,1,23,3,0,2.85,1.05
Chris Capuano,NYY,41,22,4,0,0,40.2,52,36,38,22,6,0,4,0,0,1,7.97,1.82
Addison Reed,ARI,31,38,0,0,0,40.2,47,19,34,14,2,2,2,3,2,8,4.20,1.50
Jon Gray,COL,28,9,9,0,0,40.2,52,25,40,14,4,0,2,0,0,0,5.53,1.62
Buck Farmer,DET,29,14,5,0,0,40.1,53,33,24,17,10,0,4,0,0,0,7.36,1.74
Hector Neris,PHI,31,32,0,0,0,40.1,38,17,41,10,8,2,2,0,0,2,3.79,1.19
T.J. McFarland,BAL,31,30,0,0,0,40.1,52,22,26,18,4,2,2,0,0,3,4.91,1.74
Koji Uehara,BOS,45,43,0,0,0,40.1,28,10,47,9,3,2,4,25,2,0,2.23,0.92
Casey Janssen,WAS,38,48,0,0,0,40.0,38,22,27,8,5,2,5,0,3,13,4.95,1.15
Jonathan Papelbon,PHI,39,37,0,0,0,39.2,31,7,40,8,3,2,1,17,0,0,1.59,0.98
Dillon Gee,NYM,34,8,7,0,0,39.2,55,26,25,11,5,0,3,0,0,0,5.90,1.66
Tom Gorzelanny,DET,37,48,0,0,0,39.1,45,26,36,23,4,2,2,0,0,2,5.95,1.73
Javier Lopez,SF,42,77,0,0,0,39.1,19,7,26,16,1,1,0,0,0,20,1.60,0.89
Rafael Betancourt,COL,45,45,0,0,0,39.1,43,27,40,12,4,2,4,1,3,8,6.18,1.40
Jeff Manship,CLE,35,32,0,0,0,39.1,20,4,33,10,1,1,0,0,0,3,0.92,0.76
Chris Hatcher,LAD,35,49,0,0,0,39.0,35,16,45,13,4,3,5,4,2,13,3.69,1.23
Logan Verrett,NYM,30,14,4,0,0,38.2,23,13,36,11,5,1,1,1,1,0,3.03,0.88
Tyler Clippard,OAK,35,37,0,0,0,38.2,25,12,38,21,3,1,3,17,4,0,2.79,1.19
Tanner Scheppers,TEX,33,42,0,0,0,38.1,37,24,32,23,6,4,1,0,3,12,5.63,1.57
Brett Oberholtzer,HOU,31,8,8,0,0,38.1,44,19,27,17,4,2,2,0,0,0,4.46,1.59
Sam Freeman,TEX,33,54,0,0,0,38.1,31,13,40,25,4,0,0,0,0,12,3.05,1.46
Frank Garces,SD,30,40,1,0,0,38.0,41,22,30,22,9,0,1,0,0,0,5.21,1.66
Nick Tropeano,LAA,29,8,7,0,0,37.2,40,16,38,10,2,3,2,0,0,0,3.82,1.33
Luis Avilan,ATL,30,50,0,0,0,37.2,35,15,31,10,4,2,4,0,3,11,3.58,1.19
Dale Thayer,SD,39,38,0,0,0,37.2,37,17,25,15,5,2,2,0,1,6,4.06,1.38
Jake McGee,TB,33,39,0,0,0,37.1,27,10,48,8,3,1,2,6,4,19,2.41,0.94
Ricky Nolasco,MIN,37,9,8,0,0,37.1,50,28,35,14,3,5,2,0,0,0,6.75,1.71
Matt Albers,CWS,37,30,0,0,0,37.1,31,5,28,9,3,2,0,0,0,6,1.21,1.07
Chad Billingsley,PHI,35,7,7,0,0,37.0,53,24,15,8,5,2,3,0,0,0,5.84,1.65
Jonathan Broxton,MIL,36,40,0,0,0,36.2,41,24,37,10,5,1,2,0,1,11,5.89,1.39
Scott Carroll,CWS,35,18,0,0,0,36.2,40,14,27,13,2,1,1,0,0,0,3.44,1.45
Jake Diekman,PHI,33,41,0,0,0,36.2,40,21,49,24,3,2,1,0,2,6,5.15,1.75
Daniel Norris,DET,27,8,8,0,0,36.2,30,15,27,7,6,2,1,0,0,0,3.68,1.01
Zack Godley,ARI,30,9,6,0,0,36.2,29,13,34,17,4,5,1,0,0,0,3.19,1.25
Tyler Wilson,BAL,30,9,5,0,0,36.0,39,14,13,11,1,2,2,0,0,0,3.50,1.39
Mark Lowe,SEA,37,34,0,0,0,36.0,31,4,47,11,1,0,1,0,2,12,1.00,1.17
Archie Bradley,ARI,27,8,8,0,0,35.2,36,23,23,22,3,2,3,0,0,0,5.80,1.63
Steven Matz,NYM,29,6,6,0,0,35.2,34,9,34,10,4,4,0,0,0,0,2.27,1.23
Jeremy Affeldt,SF,41,52,0,0,0,35.1,43,23,21,14,6,2,2,0,0,9,5.86,1.61
Boone Logan,COL,35,60,0,0,0,35.1,40,17,44,17,3,0,3,0,4,23,4.33,1.61
Mike Morin,LAA,29,47,0,0,0,35.1,36,25,41,9,3,4,2,1,0,5,6.37,1.27
Brandon Cunniff,ATL,31,39,0,0,0,35.0,27,18,37,22,4,2,2,0,2,5,4.63,1.40
Jean Machi,SF,38,33,0,0,0,35.0,38,20,22,14,3,1,0,0,0,2,5.14,1.49
Shaun Marcum,CLE,38,7,6,0,0,35.0,32,21,30,11,9,3,2,0,0,0,5.40,1.23
Erik Johnson,CWS,30,6,6,0,0,35.0,32,13,30,17,8,3,1,0,0,0,3.34,1.40
Elvis Araujo,PHI,28,40,0,0,0,34.2,29,13,34,19,1,2,1,0,0,2,3.38,1.38
Randy Wolf,DET,43,8,7,0,0,34.2,46,24,28,15,5,0,5,0,0,1,6.23,1.76
Joe Blanton,PIT,39,21,0,0,0,34.1,26,6,39,9,1,5,0,0,0,0,1.57,1.02
Tyler Thornburg,MIL,31,24,0,0,0,34.1,31,14,34,12,7,0,2,0,0,1,3.67,1.25
Alex Torres,NYM,32,39,0,0,0,34.1,26,12,35,26,6,0,0,1,1,7,3.15,1.51
James Russell,CHC,34,49,0,0,0,34.0,42,20,20,9,3,0,2,1,2,8,5.29,1.50
Zach Davies,MIL,27,6,6,0,0,34.0,26,14,24,15,2,3,2,0,0,0,3.71,1.21
Arodys Vizcaino,ATL,29,36,0,0,0,33.2,27,6,37,13,1,3,1,9,1,3,1.60,1.19
Matt Belisle,STL,40,34,0,0,0,33.2,34,10,25,15,1,1,1,0,1,8,2.67,1.46
Jason Grilli,ATL,43,36,0,0,0,33.2,28,11,45,10,2,3,4,24,2,0,2.94,1.13
David Hernandez,ARI,35,40,0,0,0,33.2,33,16,33,11,6,1,5,0,0,7,4.28,1.31
Edward Mujica,OAK,36,38,0,0,0,33.2,37,18,22,4,7,2,4,1,3,4,4.81,1.22
Austin Adams,CLE,33,28,0,0,0,33.1,37,14,23,13,2,2,0,1,0,0,3.78,1.50
Tommy Kahnle,COL,30,36,0,0,0,33.1,31,18,39,28,3,0,1,2,1,10,4.86,1.77
Cam Bedrosian,LAA,28,34,0,0,0,33.1,40,20,34,19,3,1,0,0,0,1,5.40,1.77
Justin Miller,COL,33,34,0,0,0,33.1,21,15,38,11,2,3,3,1,1,7,4.05,0.96
Tony Cingrani,CIN,31,35,1,0,0,33.1,31,21,39,25,3,0,3,0,2,9,5.67,1.68
Erik Goeddel,NYM,31,35,0,0,0,33.1,24,9,34,9,1,1,1,0,0,2,2.43,0.99
Ryan Tepera,TOR,32,32,0,0,0,33.0,23,12,22,6,8,0,2,1,0,0,3.27,0.88
Esmil Rogers,NYY,34,18,0,0,0,33.0,41,23,31,14,5,1,1,0,0,1,6.27,1.67
Brandon Morrow,SD,35,5,5,0,0,33.0,29,10,23,7,3,2,0,0,0,0,2.73,1.09
Brooks Brown,COL,35,36,0,0,0,33.0,32,18,20,16,2,1,3,0,3,10,4.91,1.45
Hector Noesi,CWS,33,10,5,0,0,32.2,41,25,22,17,7,0,4,0,0,0,6.89,1.78
Josh A. Smith,CIN,32,9,7,0,0,32.2,42,25,30,21,5,0,4,0,0,0,6.89,1.93
Gonzalez Germen,COL,32,29,1,0,0,32.2,33,14,25,21,4,0,0,1,2,2,3.86,1.65
Aaron Thompson,MIN,33,41,0,0,0,32.1,32,18,17,11,2,1,3,0,1,9,5.01,1.33
Manny Parra,CIN,37,40,0,0,0,32.1,32,14,23,6,2,1,2,0,1,6,3.90,1.18
Tyler Clippard,NYM,35,32,0,0,0,32.1,24,11,26,10,5,4,1,2,2,8,3.06,1.05
Tsuyoshi Wada,CHC,39,8,7,0,0,32.1,30,13,31,11,5,1,1,0,0,0,3.62,1.27
Steve Cishek,MIA,34,32,0,0,0,32.0,37,16,28,14,2,2,6,3,4,3,4.50,1.59
Colin Rea,SD,30,6,6,0,0,31.2,29,15,26,11,2,2,2,0,0,0,4.26,1.26
Tim Cooney,STL,29,6,6,0,0,31.1,28,11,29,10,3,1,0,0,0,0,3.16,1.21
Sam Dyson,TEX,32,31,0,0,0,31.1,24,4,30,4,1,2,1,2,0,12,1.15,0.89
Allen Webster,ARI,30,9,5,0,0,31.0,32,20,17,20,10,1,1,0,0,0,5.81,1.68
Bruce Rondon,DET,29,35,0,0,0,31.0,31,20,36,19,3,1,0,5,4,3,5.81,1.61
Carter Capps,MIA,29,30,0,0,0,31.0,18,4,58,7,2,1,0,0,2,11,1.16,0.81
Edwin Jackson,CHC,36,23,0,0,0,31.0,30,11,23,12,0,2,1,0,1,0,3.19,1.35
David Aardsma,ATL,38,33,0,0,0,30.2,25,16,35,14,6,1,1,0,3,6,4.70,1.27
Rob Scahill,PIT,33,28,0,0,0,30.2,33,9,24,16,3,2,4,0,0,1,2.64,1.60
Severino Gonzalez,PHI,27,7,7,0,0,30.2,44,27,28,7,5,3,3,0,0,0,7.92,1.66
Chris Narveson,MIA,38,15,2,0,0,30.1,24,15,32,9,7,3,1,0,0,0,4.45,1.09
Mychal Givens,BAL,30,22,0,0,0,30.0,20,6,38,6,1,2,0,0,0,4,1.80,0.87
Daniel Webb,CWS,30,27,0,0,0,30.0,41,21,22,22,3,1,0,0,1,0,6.30,2.10
Enny Romero,TB,29,23,0,0,0,30.0,39,17,31,13,1,0,2,0,2,3,5.10,1.73
Miguel Socolovich,STL,33,28,0,0,0,29.2,25,6,27,10,1,4,1,0,0,1,1.82,1.18
Bryan Mitchell,NYY,29,20,2,0,0,29.2,37,21,29,16,4,0,2,1,0,1,6.37,1.79
Adam Liberatore,LAD,33,39,0,0,0,29.2,26,14,29,9,3,2,2,0,1,10,4.25,1.18
Jason Garcia,BAL,27,21,0,0,0,29.2,25,14,22,17,3,1,0,0,0,0,4.25,1.42
Steve Delabar,TOR,37,31,0,0,0,29.1,28,17,30,14,5,2,0,1,3,5,5.22,1.43
Aaron Barrett,WAS,32,40,0,0,0,29.1,28,15,35,7,1,3,3,0,3,10,4.60,1.19
Sean Nolin,OAK,30,6,6,0,0,29.0,35,17,15,12,4,1,2,0,0,0,5.28,1.62
Oliver Perez,ARI,38,48,0,0,0,29.0,25,10,37,11,2,2,1,0,3,7,3.10,1.24
Rich Hill,BOS,40,4,4,1,1,29.0,14,5,36,5,2,2,1,0,0,0,1.55,0.66
Joel Peralta,LAD,44,33,0,0,0,29.0,28,14,24,8,6,3,1,3,0,3,4.34,1.24
Alec Asher,PHI,28,7,7,0,0,29.0,42,30,16,10,8,0,6,0,0,0,9.31,1.79
Josh Osich,SF,31,35,0,0,0,28.2,24,7,27,8,4,2,0,0,2,11,2.20,1.12
Pat Venditte,OAK,35,26,0,0,0,28.2,22,14,23,12,3,2,2,0,0,2,4.40,1.19
David Holmberg,CIN,28,6,6,0,0,28.1,36,24,15,16,10,1,4,0,0,0,7.62,1.84
Neftali Feliz,DET,32,30,0,0,0,28.1,33,24,23,9,3,2,2,4,4,2,7.62,1.48
Ryan Weber,ATL,29,5,5,0,0,28.1,25,15,19,6,3,0,3,0,0,0,4.76,1.09
Carlos Contreras,CIN,29,22,0,0,0,28.0,22,15,19,20,3,0,0,0,0,0,4.82,1.50
Kevin Jepsen,MIN,35,29,0,0,0,28.0,18,5,25,7,1,1,1,10,1,2,1.61,0.89
Adam Wainwright,STL,38,7,4,0,0,28.0,25,5,20,4,0,2,1,0,0,0,1.61,1.04
Ian Krol,DET,29,33,0,0,0,28.0,31,18,26,17,4,2,3,0,1,1,5.79,1.71
Ryan Pressly,MIN,31,27,0,0,0,27.2,27,9,22,12,0,3,2,0,0,4,2.93,1.41
Branden Pinder,NYY,31,25,0,0,0,27.2,28,9,25,14,4,0,2,0,0,0,2.93,1.52
Andrew McKirahan,ATL,30,27,0,0,0,27.1,40,18,22,10,2,1,0,0,1,4,5.93,1.83
Ariel Pena,MIL,31,6,5,0,0,27.1,24,13,27,14,2,2,1,0,0,0,4.28,1.39
Randy Choate,STL,44,71,0,0,0,27.1,29,12,22,5,2,1,0,1,0,8,3.95,1.24
Nick Hagadone,CLE,34,36,0,0,0,27.1,30,13,28,12,3,0,1,0,0,5,4.28,1.54
Marcos Mateo,SD,36,26,0,0,0,27.0,22,12,33,9,5,1,1,0,1,1,4.00,1.15
Enrique Burgos,ARI,29,30,0,0,0,27.0,27,14,39,15,2,2,2,2,2,2,4.67,1.56
Mitch Harris,STL,34,26,0,0,0,27.0,30,11,15,13,4,2,1,0,0,0,3.67,1.59
Marcus Stroman,TOR,29,4,4,0,0,27.0,20,5,18,6,2,4,0,0,0,0,1.67,0.96
Arnold Leon,OAK,31,19,0,0,0,26.2,30,13,19,9,3,0,2,0,0,0,4.39,1.46
Zac Rosscup,CHC,32,33,0,0,0,26.2,26,13,29,13,5,2,1,0,2,6,4.39,1.46
Mayckol Guaipe,SEA,29,21,0,0,0,26.2,34,16,22,13,5,0,3,0,3,2,5.40,1.76
Joakim Soria,PIT,36,29,0,0,0,26.2,23,6,28,8,0,0,0,1,3,11,2.03,1.16
Jhoulys Chacin,ARI,32,5,4,0,0,26.2,24,10,21,10,4,2,1,0,0,0,3.38,1.27
Manny Banuelos,ATL,29,7,6,0,0,26.1,30,15,19,12,4,1,4,0,0,0,5.13,1.59
Trevor Cahill,ATL,32,15,3,0,0,26.1,36,22,14,11,2,0,3,0,0,0,7.52,1.78
Drew VerHagen,DET,29,20,0,0,0,26.1,18,6,13,14,1,2,0,0,1,3,2.05,1.22
Sugar Ray Marimon,ATL,31,16,0,0,0,25.2,30,21,14,14,3,0,1,0,0,0,7.36,1.71
Heath Hembree,BOS,31,22,0,0,0,25.1,25,10,15,9,5,2,0,0,0,1,3.55,1.34
Brian Ellington,MIA,29,23,0,0,0,25.0,17,8,18,13,1,2,1,0,0,2,2.88,1.20
David Rollins,SEA,30,20,0,0,0,25.0,37,21,21,8,3,0,2,0,0,1,7.56,1.80
David Goforth,MIL,31,20,0,0,0,24.2,32,11,24,8,4,1,0,0,0,0,4.01,1.62
Edwin Jackson,ATL,36,24,0,0,0,24.2,14,8,17,9,4,2,2,1,0,5,2.92,0.93
Mat Latos,LAD,32,6,5,0,0,24.1,31,18,18,6,3,0,3,0,0,0,6.66,1.52
Brandon Finnegan,KC,27,14,0,0,0,24.1,16,8,21,13,3,3,0,0,1,0,2.96,1.19
Kyle Barraclough,MIA,30,25,0,0,0,24.1,12,7,30,18,1,2,1,0,1,6,2.59,1.23
Spencer Patton,TEX,32,27,0,0,0,24.0,24,24,28,12,5,1,1,0,0,3,9.00,1.50
Bobby Parnell,NYM,35,30,0,0,0,24.0,30,17,13,17,0,2,4,1,2,5,6.38,1.96
Jonathan Broxton,STL,36,26,0,0,0,23.2,20,7,26,12,2,3,3,0,2,6,2.66,1.35
Jonathan Papelbon,WAS,39,22,0,0,0,23.2,22,8,16,4,4,2,2,7,2,0,3.04,1.10
Brandon Finnegan,CIN,27,6,4,0,0,23.2,21,11,24,8,5,2,2,0,0,0,4.18,1.23
Michael Tonkin,MIN,30,26,0,0,0,23.1,21,9,19,9,4,0,0,0,0,5,3.47,1.29
Andrew Bellatti,TB,28,17,0,0,0,23.1,16,6,18,10,4,3,1,0,0,2,2.31,1.11
Matt Marksberry,ATL,29,31,0,0,0,23.1,22,13,21,16,2,0,3,0,3,5,5.01,1.63
Kevin Correia,PHI,39,5,5,0,0,23.1,37,17,14,8,4,0,3,0,0,0,6.56,1.93
Jason Frasor,KC,42,26,0,0,0,23.1,24,4,18,15,1,1,0,0,1,2,1.54,1.67
Dustin McGowan,PHI,38,14,1,0,0,23.1,29,18,21,20,7,1,2,0,0,0,6.94,2.10
Ernesto Frieri,TB,34,22,0,0,0,23.1,20,12,19,11,6,1,0,2,1,0,4.63,1.33
Radhames Liz,PIT,37,14,0,0,0,23.1,26,11,27,12,4,1,4,0,1,0,4.24,1.63
Steve Cishek,STL,34,27,0,0,0,23.1,18,6,20,13,2,0,0,1,1,3,2.31,1.33
Daniel Norris,TOR,27,5,5,0,0,23.1,23,10,18,12,3,1,1,0,0,0,3.86,1.50
Nick Vincent,SD,33,26,0,0,0,23.0,25,6,22,10,0,0,1,0,2,0,2.35,1.52
Jean Machi,BOS,38,26,0,0,0,23.0,21,13,20,8,5,1,0,4,0,2,5.09,1.26
Brandon McCarthy,LAD,36,4,4,0,0,23.0,24,15,29,4,9,3,0,0,0,0,5.87,1.22
Dalier Hinojosa,PHI,34,18,0,0,0,23.0,15,2,21,8,1,2,0,0,1,3,0.78,1.00
Joe Thatcher,HOU,39,43,0,0,0,22.2,23,8,26,12,1,1,3,0,0,6,3.18,1.54
Felix Doubront,TOR,32,5,4,0,0,22.2,32,12,13,5,1,1,1,0,0,0,4.76,1.63
Henderson Alvarez,MIA,30,4,4,0,0,22.1,28,16,9,7,1,0,4,0,0,0,6.45,1.57
LaTroy Hawkins,COL,47,24,0,0,0,22.1,22,9,20,4,3,2,1,2,2,3,3.63,1.16
Jeff Francis,TOR,39,14,0,0,0,22.0,27,15,21,9,3,1,2,0,0,0,6.14,1.64
Joba Chamberlain,DET,34,30,0,0,0,22.0,32,10,15,5,5,0,2,0,2,8,4.09,1.68
Tyler Matzek,COL,29,5,5,0,0,22.0,21,10,15,19,2,2,1,0,0,0,4.09,1.82
Ryan O'Rourke,MIN,32,28,0,0,0,22.0,16,15,24,15,3,0,0,0,0,0,6.14,1.41
Angel Nesbitt,DET,29,24,0,0,0,21.2,22,13,14,8,2,1,1,0,2,2,5.40,1.38
Jake Diekman,TEX,33,26,0,0,0,21.2,13,5,20,7,2,0,0,0,1,10,2.08,0.92
Cody Martin,ATL,30,21,0,0,0,21.2,24,13,24,7,4,2,3,0,3,7,5.40,1.43
Charlie Furbush,SEA,34,33,0,0,0,21.2,9,5,17,5,2,1,1,0,0,13,2.08,0.65
Eric O'Flaherty,OAK,35,25,0,0,0,21.1,29,14,15,13,1,1,2,0,1,3,5.91,1.97
Sammy Solis,WAS,31,18,0,0,0,21.1,25,8,17,4,2,1,1,0,0,1,3.38,1.36
Samuel Deduno,HOU,37,9,2,0,0,21.0,24,16,17,9,3,0,1,1,0,0,6.86,1.57
Cory Rasmus,LAA,32,16,1,0,0,20.2,15,12,27,11,3,0,0,0,1,1,5.23,1.26
Chris Martin,NYY,34,24,0,0,0,20.2,28,13,18,6,2,0,2,1,0,5,5.66,1.65
Kirby Yates,TB,33,20,0,0,0,20.1,23,18,21,7,10,1,0,0,0,0,7.97,1.48
Marc Rzepczynski,CLE,34,45,0,0,0,20.1,23,10,24,10,1,2,3,0,2,12,4.43,1.62
Sam LeCure,CIN,36,19,0,0,0,20.0,16,7,15,7,2,0,2,0,1,3,3.15,1.15
R.J. Alvarez,OAK,29,21,0,0,0,20.0,27,22,23,13,7,0,0,0,1,0,9.90,2.00
Cesar Jimenez,MIL,35,16,0,0,0,19.2,16,8,21,8,2,0,0,0,0,4,3.66,1.22
Neftali Feliz,TEX,32,18,0,0,0,19.2,24,10,16,9,2,1,2,6,3,0,4.58,1.68
Scott Atchison,CLE,44,23,0,0,0,19.2,23,15,12,4,6,1,1,0,1,3,6.86,1.37
Andre Rienzo,MIA,32,14,0,0,0,19.2,17,13,15,13,2,0,1,0,0,0,5.95,1.53
Ross Ohlendorf,TEX,37,21,0,0,0,19.1,21,8,19,7,4,3,1,1,1,7,3.72,1.45
Adam Loewen,PHI,35,20,0,0,0,19.1,20,15,22,17,3,1,0,0,0,0,6.98,1.91
Yohan Pino,KC,36,7,1,0,0,19.1,23,7,13,3,2,0,2,0,0,0,3.26,1.34
Chase Whitley,NYY,31,4,4,0,0,19.1,20,9,16,5,3,1,2,0,0,0,4.19,1.29
Jairo Diaz,COL,29,21,0,0,0,19.0,16,5,18,6,2,0,1,0,1,7,2.37,1.16
Nate Jones,CWS,34,19,0,0,0,19.0,12,7,27,6,5,2,2,0,1,6,3.32,0.95
Mark Lowe,TOR,37,23,0,0,0,19.0,15,8,14,1,3,1,2,1,2,5,3.79,0.84
Jim Johnson,LAD,37,23,0,0,0,18.2,32,21,17,6,3,0,3,1,3,5,10.13,2.04
David Carpenter,NYY,34,22,0,0,0,18.2,20,10,11,7,3,0,1,0,2,2,4.82,1.45
Tony Zych,SEA,29,13,1,0,0,18.1,17,5,24,3,1,0,0,0,0,1,2.45,1.09
Ian Thomas,LAD,33,9,1,0,0,18.0,16,8,18,6,1,1,1,0,0,0,4.00,1.22
Nate Adcock,CIN,32,13,0,0,0,18.0,15,12,13,12,3,1,2,0,0,0,6.00,1.50
Kyle Crockett,CLE,28,31,0,0,0,17.2,17,8,15,7,1,0,0,0,0,3,4.08,1.36
Phil Klein,TEX,31,11,2,0,0,17.1,23,13,12,10,4,1,0,0,0,2,6.75,1.90
Mike Broadway,SF,33,21,0,0,0,17.1,20,10,13,7,1,0,2,0,0,2,5.19,1.56
Robbie Erlin,SD,29,3,3,0,0,17.0,16,9,10,2,1,1,2,0,0,0,4.76,1.06
Trevor Cahill,CHC,32,11,0,0,0,17.0,8,4,22,5,2,1,0,0,0,2,2.12,0.76
Matt Grace,WAS,31,26,0,0,0,17.0,26,8,14,8,0,2,1,0,2,4,4.24,2.00
Taylor Jordan,WAS,31,4,1,0,0,17.0,20,10,11,6,0,0,2,0,0,0,5.29,1.53
Ryan Dull,OAK,30,13,0,0,0,17.0,12,8,16,6,4,1,2,1,1,2,4.24,1.06
Deolis Guerra,PIT,31,10,0,0,0,16.2,26,12,17,3,5,2,0,0,0,0,6.48,1.74
Bud Norris,SD,35,20,0,0,0,16.2,16,10,21,6,1,1,2,0,1,2,5.40,1.32
Ryan Kelly,ATL,32,17,0,0,0,16.2,21,13,10,6,5,0,0,0,1,0,7.02,1.62
Dan Straily,HOU,31,4,3,0,0,16.2,16,10,14,8,2,0,1,0,0,0,5.40,1.44
Jake Brigham,ATL,32,12,0,0,0,16.2,28,16,12,8,1,0,1,0,0,0,8.64,2.16
Asher Wojciechowski,HOU,31,5,3,0,0,16.1,23,13,16,7,2,0,1,0,0,0,7.16,1.84
LaTroy Hawkins,TOR,47,18,0,0,0,16.1,22,5,14,3,1,1,0,1,0,4,2.76,1.53
Matt Harrison,TEX,34,3,3,0,0,16.0,19,12,5,6,3,1,2,0,0,0,6.75,1.56
Todd Redmond,TOR,35,7,1,0,0,16.0,17,13,13,7,3,0,0,0,0,1,7.31,1.50
Tommy Hunter,CHC,34,19,0,0,0,15.2,20,10,15,3,4,2,0,1,0,1,5.74,1.47
Collin Balester,CIN,34,15,0,0,0,15.2,17,13,13,13,3,1,1,0,0,2,7.47,1.91
Oliver Drake,BAL,33,13,0,0,0,15.2,16,5,17,9,1,0,0,0,0,2,2.87,1.60
Luis Avilan,LAD,30,23,0,0,0,15.2,13,9,18,5,2,0,1,0,0,6,5.17,1.15
Nick Rumbelow,NYY,28,17,0,0,0,15.2,16,7,15,5,2,1,1,0,0,0,4.02,1.34
Alex Claudio,TEX,28,18,0,0,0,15.2,12,5,13,6,4,1,1,0,1,3,2.87,1.15
Scott Copeland,TOR,32,5,3,0,0,15.1,24,11,6,2,1,1,1,0,0,0,6.46,1.70
Anthony Ranaudo,TEX,30,4,2,0,0,15.1,18,13,11,8,2,0,1,0,0,0,7.63,1.70
Addison Reed,NYM,31,17,0,0,0,15.1,11,2,17,5,1,1,1,1,2,6,1.17,1.04
JC Ramirez,ARI,31,12,0,0,0,15.1,15,7,11,4,1,1,1,0,2,2,4.11,1.24
Nick Masset,ATL,38,20,0,0,0,15.1,18,11,12,8,3,2,2,0,0,5,6.46,1.70
Logan Kensing,SEA,38,19,0,0,0,15.1,12,10,13,7,2,2,1,0,0,9,5.87,1.24
Ross Detwiler,ATL,34,24,0,0,0,15.1,20,13,13,16,1,1,0,0,1,1,7.63,2.35
Tim Stauffer,MIN,38,13,0,0,0,15.0,24,11,6,7,4,1,0,0,0,1,6.60,2.07
Frankie Montas,CWS,27,7,2,0,0,15.0,14,8,20,9,1,0,2,0,0,0,4.80,1.53
CJ Riefenhauser,TB,30,17,0,0,0,14.2,15,9,7,7,3,1,0,0,0,0,5.52,1.50
Marc Rzepczynski,SD,34,27,0,0,0,14.2,17,12,17,4,2,0,1,0,2,4,7.36,1.43
Sam Tuivailala,STL,27,14,0,0,0,14.2,13,5,20,8,2,0,1,0,0,2,3.07,1.43
Rob Rasmussen,SEA,31,19,0,0,0,14.1,25,17,16,8,2,2,1,0,0,2,10.67,2.30
Vidal Nuno,ARI,32,3,0,0,0,14.1,10,3,19,5,1,0,1,0,0,0,1.88,1.05
Edgar Olmos,SEA,30,6,2,0,0,14.0,16,7,4,8,1,1,0,0,0,0,4.50,1.71
Neil Ramirez,CHC,31,19,0,0,0,14.0,12,5,15,6,1,1,0,0,0,2,3.21,1.29
Sean Doolittle,OAK,33,12,0,0,0,13.2,12,6,15,5,1,1,0,4,1,1,3.95,1.24
Edward Mujica,BOS,36,11,0,0,0,13.2,15,7,8,3,3,1,1,0,1,0,4.61,1.32
Neal Cotts,MIN,40,17,0,0,0,13.2,14,6,9,5,3,0,0,0,0,1,3.95,1.39
Matt Reynolds,ARI,35,18,0,0,0,13.2,14,7,18,7,6,0,0,0,1,3,4.61,1.54
Tyler Wagner,MIL,29,3,3,0,0,13.2,22,11,5,7,1,0,2,0,0,0,7.24,2.12
Jorge Rondon,BAL,31,8,0,0,0,13.1,20,11,8,6,3,0,1,0,0,0,7.43,1.95
A.J. Achter,MIN,31,11,0,0,0,13.1,12,10,14,6,4,0,1,0,0,0,6.75,1.35
Tyler Olson,SEA,30,11,0,0,0,13.1,18,8,8,10,2,1,1,0,0,1,5.40,2.10
Evan Marshall,ARI,30,13,0,0,0,13.1,20,9,7,5,3,0,2,0,2,2,6.08,1.88
Sergio Santos,LAD,37,12,0,0,0,13.1,13,7,15,7,2,0,0,0,0,0,4.73,1.50
Gavin Floyd,CLE,37,7,0,0,0,13.1,11,4,7,4,0,0,0,0,0,0,2.70,1.13
Anthony Swarzak,CLE,34,10,0,0,0,13.1,18,5,13,4,1,0,0,0,0,0,3.38,1.65
Noe Ramirez,BOS,30,17,0,0,0,13.0,13,6,13,7,3,0,1,0,0,4,4.15,1.54
T.J. House,CLE,30,4,4,0,0,13.0,21,19,7,12,1,0,4,0,0,0,13.15,2.54
Kendry Flores,MIA,28,7,1,0,0,12.2,16,7,9,4,0,1,2,0,0,0,4.97,1.58
Danny Burawa,ATL,31,12,0,0,0,12.1,8,5,10,4,1,0,0,0,0,1,3.65,0.97
Miguel Castro,TOR,25,13,0,0,0,12.1,15,6,12,6,2,0,2,4,2,1,4.38,1.70
Keith Hessler,ARI,31,18,0,0,0,12.1,16,11,12,4,4,0,1,0,2,1,8.03,1.62
Silvino Bracho,ARI,27,13,0,0,0,12.1,9,2,17,4,2,0,0,1,0,0,1.46,1.05
Rafael Martin,WAS,36,13,0,0,0,12.1,12,7,25,5,4,2,0,0,0,0,5.11,1.38
Dylan Axelrod,CIN,34,6,0,0,0,12.1,11,10,12,8,5,0,1,0,0,0,7.30,1.54
Erik Cordier,MIA,34,8,0,0,0,12.1,13,8,7,6,1,0,0,0,0,0,5.84,1.54
Fernando Rodney,CHC,43,14,0,0,0,12.0,8,1,15,4,1,2,0,0,1,2,0.75,1.00
Oliver Perez,HOU,38,22,0,0,0,12.0,14,9,14,4,2,0,3,0,0,3,6.75,1.50
Vin Mazzaro,MIA,33,10,0,0,0,12.0,15,5,6,6,0,0,0,0,0,0,3.75,1.75
Yoervis Medina,SEA,31,12,0,0,0,12.0,11,4,9,7,1,1,0,1,1,3,3.00,1.50
Taylor Hill,WAS,31,6,0,0,0,12.0,14,5,9,4,2,0,0,0,0,0,3.75,1.50
Vinnie Pestano,LAA,35,19,0,0,0,11.2,15,7,13,8,3,1,0,0,2,0,5.40,1.97
Roman Mendez,TEX,29,12,0,0,0,11.2,11,7,9,7,1,0,1,0,1,0,5.40,1.54
Jack Leathersich,NYM,29,17,0,0,0,11.2,12,3,14,7,0,0,1,0,0,2,2.31,1.63
Jon Moscot,CIN,28,3,3,0,0,11.2,11,6,6,5,2,1,1,0,0,0,4.63,1.37
Dominic Leone,SEA,28,10,0,0,0,11.1,11,8,7,9,1,0,4,0,0,1,6.35,1.76
Jeff Ferrell,DET,29,9,0,0,0,11.1,12,8,6,4,3,0,0,0,0,0,6.35,1.41
Stolmy Pimentel,TEX,30,8,0,0,0,11.1,11,5,7,3,1,0,1,0,0,0,3.97,1.24
Casey Kelly,SD,30,3,2,0,0,11.1,19,10,7,3,1,0,2,0,0,0,7.94,1.94
Homer Bailey,CIN,34,2,2,0,0,11.1,16,7,3,4,3,0,1,0,0,0,5.56,1.76
Scott Baker,LAD,38,2,2,0,0,11.0,11,7,8,3,4,0,1,0,0,0,5.73,1.27
Anthony Varvaro,BOS,35,9,0,0,0,11.0,14,5,8,6,0,0,1,0,0,0,4.09,1.82
Kevin Gregg,CIN,42,11,0,0,0,10.2,13,12,14,5,3,0,2,0,1,2,10.13,1.69
Jon Edwards,SD,32,11,0,0,0,10.2,6,4,16,8,3,0,0,0,0,0,3.38,1.31
Jonathan Aro,BOS,29,6,0,0,0,10.1,15,8,8,4,2,0,1,0,0,0,6.97,1.84
Paco Rodriguez,LAD,29,18,0,0,0,10.1,10,3,8,3,0,0,0,0,0,4,2.61,1.26
Peter Moylan,ATL,41,22,0,0,0,10.1,12,4,8,0,1,1,0,0,1,3,3.48,1.16
Adam Ottavino,COL,34,10,0,0,0,10.1,3,0,13,2,0,1,0,3,0,3,0.00,0.48
Jordan Walden,STL,32,12,0,0,0,10.1,7,1,12,4,0,0,1,1,0,8,0.87,1.06
Rex Brothers,COL,32,17,0,0,0,10.1,9,2,5,8,0,1,0,0,0,0,1.74,1.65
Simon Castro,COL,32,11,0,0,0,10.1,11,7,9,5,0,2,0,0,0,0,6.10,1.55
Diego Moreno,NYY,33,4,0,0,0,10.1,9,6,8,3,1,1,0,0,0,0,5.23,1.16
Jorge Lopez,MIL,27,2,2,0,0,10.0,14,6,10,5,0,1,1,0,0,0,5.40,1.90
Phil Coke,CHC,37,16,0,0,0,10.0,14,7,9,3,1,0,0,0,0,3,6.30,1.70
Rafael Montero,NYM,29,5,1,0,0,10.0,9,5,13,5,0,0,1,0,0,1,4.50,1.40
Andrew Faulkner,TEX,27,11,0,0,0,9.2,8,3,10,3,2,0,0,0,0,2,2.79,1.14
Caleb Cotham,NYY,32,12,0,0,0,9.2,14,7,11,1,4,1,0,0,0,0,6.52,1.55
Nick Masset,MIA,38,8,0,0,0,9.2,12,2,6,1,0,0,0,0,0,1,1.86,1.34
Josh Ravin,LAD,32,9,0,0,0,9.1,13,7,12,4,3,2,1,0,0,0,6.75,1.82
A.J. Cole,WAS,28,3,1,0,0,9.1,14,6,9,1,1,0,0,1,0,0,5.79,1.61
Ken Roberts,COL,32,9,0,0,0,9.1,13,6,5,2,0,0,1,0,0,0,5.79,1.61
Jose Valdez,DET,30,7,0,0,0,9.0,10,4,4,4,2,0,1,0,1,0,4.00,1.56
Yoervis Medina,CHC,31,5,0,0,0,9.0,12,7,7,4,1,0,0,0,0,0,7.00,1.78
Logan Verrett,TEX,30,4,0,0,0,9.0,11,6,3,4,1,0,1,0,0,0,6.00,1.67
Jake Buchanan,HOU,30,5,0,0,0,9.0,5,2,5,4,1,0,0,0,0,0,2.00,1.00
Cody Martin,OAK,30,4,2,0,0,9.0,16,14,3,5,4,0,2,0,0,0,14.00,2.33
A.J. Schugel,ARI,31,5,0,0,0,9.0,17,5,5,5,2,0,0,0,0,0,5.00,2.44
Cory Mazzoni,SD,30,8,0,0,0,8.2,23,20,8,5,2,0,0,0,0,0,20.77,3.23
Joe Wieland,LAD,30,2,2,0,0,8.2,10,8,4,5,2,0,1,0,0,0,8.31,1.73
Eric O'Flaherty,NYM,35,16,0,0,0,8.2,18,13,6,5,1,0,0,0,0,1,13.50,2.65
Andrew Bailey,NYY,36,10,0,0,0,8.2,9,5,6,5,2,0,1,0,0,0,5.19,1.62
Matt Stites,ARI,30,11,0,0,0,8.2,14,12,6,5,1,0,0,0,0,0,12.46,2.19
Miguel Almonte,KC,27,9,0,0,0,8.2,7,6,10,7,4,0,2,0,0,0,6.23,1.62
Dallas Beeler,CHC,31,3,3,0,0,8.1,14,9,7,7,0,0,1,0,0,0,9.72,2.52
Cody Hall,SF,32,7,0,0,0,8.1,10,6,7,4,1,0,0,0,0,0,6.48,1.68
Daniel Coulombe,LAD,30,5,0,0,0,8.1,9,7,7,6,0,0,0,0,0,0,7.56,1.80
JC Ramirez,SEA,31,8,0,0,0,8.1,10,7,5,7,2,0,1,0,1,0,7.56,2.04
Ronald Belisario,TB,37,6,0,0,0,8.0,8,7,6,4,0,0,0,0,0,0,7.88,1.50
Brandon Beachy,LAD,33,2,2,0,0,8.0,10,7,5,6,1,0,1,0,0,0,7.88,2.00
Buddy Carlyle,NYM,42,11,0,0,0,8.0,8,5,6,1,0,1,0,1,0,4,5.63,1.13
Shawn Armstrong,CLE,29,8,0,0,0,8.0,5,2,11,2,1,0,0,0,0,0,2.25,0.88
Michael Feliz,HOU,27,5,0,0,0,8.0,9,7,7,4,2,0,0,0,0,0,7.88,1.63
Bobby LaFromboise,PIT,34,11,0,0,0,8.0,5,1,8,1,1,0,0,0,0,0,1.13,0.75
Daniel Coulombe,OAK,30,9,0,0,0,7.2,8,3,4,3,0,0,0,0,1,0,3.52,1.43
Jason Gurka,COL,32,9,0,0,0,7.2,16,8,7,2,1,0,0,0,0,0,9.39,2.35
Colton Murray,PHI,30,8,0,0,0,7.2,11,5,9,2,2,0,1,0,0,0,5.87,1.70
Aaron Laffey,COL,35,3,0,0,0,7.1,8,3,3,3,1,1,0,0,0,0,3.68,1.50
Brian Schlitter,CHC,34,10,0,0,0,7.1,12,6,4,2,2,1,2,0,2,0,7.36,1.91
Jenrry Mejia,NYM,30,7,0,0,0,7.1,4,0,7,2,0,1,0,0,0,3,0.00,0.82
Brandon Kintzler,MIL,35,7,0,0,0,7.0,12,5,7,5,1,0,1,0,0,0,6.43,2.43
Chin-Hui Tsao,LAD,39,5,0,0,0,7.0,15,8,7,3,3,1,1,0,0,0,10.29,2.57
Barry Zito,OAK,42,3,2,0,0,7.0,12,8,2,6,4,0,0,0,0,0,10.29,2.57
Drew Rucinski,LAA,31,4,1,0,0,7.0,10,6,4,6,1,0,2,0,0,0,7.71,2.29
Jacob Lindgren,NYY,27,7,0,0,0,7.0,5,4,8,4,3,0,0,0,1,0,5.14,1.29
Matthew Boyd,TOR,29,2,2,0,0,6.2,15,11,7,1,5,0,2,0,0,0,14.85,2.40
Scott McGough,MIA,30,6,0,0,0,6.2,12,7,4,4,0,0,0,0,0,0,9.45,2.40
Yhonathan Barrios,MIL,28,5,0,0,0,6.2,3,0,7,0,0,0,0,0,0,1,0.00,0.45
Bruce Chen,CLE,43,2,2,0,0,6.1,17,9,4,1,3,0,1,0,0,0,12.79,2.84
Luke Jackson,TEX,28,7,0,0,0,6.1,5,3,6,2,1,0,0,0,0,0,4.26,1.11
Scott Alexander,KC,30,4,0,0,0,6.0,5,3,3,3,0,0,0,0,0,0,4.50,1.33
David Carpenter,WAS,34,8,0,0,0,6.0,5,1,4,2,1,0,0,0,0,4,1.50,1.17
Rob Wooten,MIL,34,4,0,0,0,6.0,5,8,6,6,1,0,0,0,0,0,12.00,1.83
David Huff,LAD,35,3,1,0,0,6.0,11,6,4,1,2,0,0,0,0,0,9.00,2.00
Jon Edwards,TEX,32,11,0,0,0,6.0,6,4,6,8,1,0,0,0,0,2,6.00,2.33
Chris Beck,CWS,29,1,1,0,0,6.0,10,4,3,4,0,0,1,0,0,0,6.00,2.33
Gonzalez Germen,CHC,32,6,0,0,0,6.0,8,5,8,5,0,0,0,0,0,0,7.50,2.17
Jose Dominguez,TB,29,4,0,0,0,5.2,2,0,5,2,0,1,0,0,0,0,0.00,0.71
Nick Goody,NYY,28,7,0,0,0,5.2,6,3,3,3,0,0,0,0,0,0,4.76,1.59
Raudel Lazo,MIA,31,7,0,0,0,5.2,5,2,5,2,1,0,0,0,0,1,3.18,1.24
Joba Chamberlain,KC,34,6,0,0,0,5.2,6,5,8,4,1,0,0,0,0,0,7.94,1.76
Rafael Soriano,CHC,40,6,0,0,0,5.2,8,4,4,1,2,2,0,0,1,0,6.35,1.59
Tim Stauffer,NYM,38,5,0,0,0,5.2,8,5,8,2,2,0,0,0,1,0,7.94,1.76
Wesley Wright,LAA,35,9,0,0,0,5.2,4,2,5,3,1,0,0,0,0,0,3.18,1.24
Everett Teaford,TB,36,4,0,0,0,5.2,5,1,4,3,0,0,0,0,0,0,1.59,1.41
Kevin Chapman,HOU,32,3,0,0,0,5.1,4,2,8,3,1,0,0,0,0,1,3.38,1.31
Steve Johnson,BAL,32,6,0,0,0,5.1,8,6,3,5,2,0,0,0,0,0,10.13,2.44
Kyle Drabek,CWS,32,3,0,0,0,5.1,9,3,3,2,1,0,0,0,0,0,5.06,2.06
Miguel Castro,COL,25,5,0,0,0,5.1,6,6,6,4,2,0,1,0,0,0,10.13,1.88
Preston Guilmet,TB,32,3,0,0,0,5.1,5,3,5,2,1,0,0,0,0,0,5.06,1.31
Ian Thomas,ATL,33,5,0,0,0,5.1,4,2,5,5,1,0,0,0,0,0,3.38,1.69
Caleb Thielbar,MIN,33,6,0,0,0,5.0,5,3,5,0,0,0,0,0,0,1,5.40,1.00
Casey Sadler,PIT,29,1,1,0,0,5.0,4,2,5,1,1,1,0,0,0,0,3.60,1.00
James Pazos,NYY,29,11,0,0,0,5.0,3,0,3,3,0,0,0,0,0,0,0.00,1.20
Guido Knudson,DET,30,4,0,0,0,5.0,13,10,6,3,5,0,0,0,0,0,18.00,3.20
Jerry Blevins,NYM,36,7,0,0,0,5.0,0,0,4,0,0,1,0,0,1,5,0.00,0.00
Brad Mills,OAK,35,1,1,0,0,5.0,7,3,1,1,1,0,0,0,0,0,5.40,1.60
Brad Peacock,HOU,32,1,1,0,0,5.0,5,3,3,2,0,0,1,0,0,0,5.40,1.40
Michael Kohn,ATL,34,6,0,0,0,4.2,0,0,4,6,0,0,0,0,0,1,0.00,1.29
Zach Lee,LAD,28,1,1,0,0,4.2,11,7,3,1,1,0,1,0,0,0,13.50,2.57
Jason Frasor,ATL,42,6,0,0,0,4.2,3,0,4,3,0,0,0,0,0,2,0.00,1.29
Carl Edwards Jr.,CHC,28,5,0,0,0,4.2,3,2,4,3,0,0,0,0,0,0,3.86,1.29
Jose Ramirez,SEA,30,5,0,0,0,4.2,9,6,3,6,0,1,0,0,0,0,11.57,3.21
Ken Roberts,PHI,32,6,0,0,0,4.1,9,5,1,1,0,1,0,0,1,0,10.38,2.31
Brian Johnson,BOS,29,1,1,0,0,4.1,3,4,3,4,0,0,1,0,0,0,8.31,1.62
Aaron Brooks,KC,30,2,0,0,0,4.1,6,3,3,0,0,0,0,0,0,0,6.23,1.38
Grant Balfour,TB,42,6,0,0,0,4.1,3,3,0,4,1,0,0,0,0,1,6.23,1.62
Donald Veal,ATL,35,5,0,0,0,4.1,8,7,3,2,3,0,0,0,1,0,14.54,2.31
Ryan Cook,BOS,33,5,0,0,0,4.1,13,13,3,4,4,0,0,0,0,1,27.00,3.92
Ryan Cook,OAK,33,4,0,0,0,4.1,7,5,3,3,0,0,2,0,0,0,10.38,2.31
Jay Jackson,SD,32,6,0,0,0,4.1,7,3,4,1,0,0,0,0,0,0,6.23,1.85
Junior Guerra,CWS,35,3,0,0,0,4.0,7,3,3,1,1,0,0,0,0,0,6.75,2.00
Craig Stammen,WAS,36,5,0,0,0,4.0,2,0,3,3,0,0,0,0,0,2,0.00,1.25
Chris Reed,MIA,30,2,0,0,0,4.0,6,2,1,1,0,0,0,0,0,0,4.50,1.75
Edgar Ibarra,LAA,31,2,0,0,0,4.0,4,1,3,3,0,0,0,0,0,0,2.25,1.75
Angel Castro,OAK,37,5,0,0,0,4.0,8,1,4,3,1,0,1,0,0,0,2.25,2.75
Phillippe Aumont,PHI,31,1,1,0,0,4.0,5,6,3,7,2,0,1,0,0,0,13.50,3.00
Nefi Ogando,PHI,31,4,0,0,0,4.0,7,4,2,2,0,0,0,0,0,0,9.00,2.25
Dario Alvarez,NYM,31,6,0,0,0,3.2,5,5,2,1,2,1,0,0,0,1,12.27,1.64
Dominic Leone,ARI,28,3,0,0,0,3.2,8,6,2,0,1,0,1,0,1,0,14.73,2.18
Mat Latos,LAA,32,2,0,0,0,3.2,4,2,3,1,2,0,0,0,0,0,4.91,1.36
Cory Gearrin,SF,34,7,0,0,0,3.2,1,2,5,1,0,0,0,0,0,3,4.91,0.55
David Carpenter,ATL,32,4,0,0,0,3.2,6,3,5,0,2,0,0,0,0,1,7.36,1.64
Chad Jenkins,TOR,32,2,0,0,0,3.2,3,2,2,3,1,0,0,0,0,0,4.91,1.64
Eric Surkamp,LAD,32,1,0,0,0,3.1,4,4,4,1,2,0,0,0,0,0,10.80,1.50
Jose De Paula,NYY,30,1,0,0,0,3.1,2,1,2,4,1,0,0,0,0,0,2.70,1.80
Giovanni Soto,CLE,29,6,0,0,0,3.1,3,0,0,0,0,0,0,0,0,0,0.00,0.90
Donn Roach,CHC,30,1,1,0,0,3.1,8,4,1,1,0,0,1,0,0,0,10.80,2.70
Cesar Jimenez,PHI,35,3,0,0,0,3.1,1,0,4,0,0,0,0,0,0,0,0.00,0.30
Dana Eveland,ATL,36,10,0,0,0,3.1,5,2,4,3,1,0,1,0,0,1,5.40,2.40
Toru Murata,CLE,35,1,1,0,0,3.1,4,3,2,1,2,0,1,0,0,0,8.10,1.50
Brett Bochy,SF,32,4,0,0,0,3.0,1,0,3,1,0,0,0,0,0,1,0.00,0.67
Michael Mariot,KC,31,2,0,0,0,3.0,2,1,1,2,1,0,0,0,0,0,3.00,1.33
Colt Hynes,TOR,35,5,0,0,0,3.0,8,2,4,2,0,0,0,0,0,0,6.00,3.33
Jose Ramirez,NYY,30,3,0,0,0,3.0,6,5,2,4,0,0,0,0,0,0,15.00,3.33
Chris Rearick,SD,32,5,0,0,0,3.0,6,4,4,2,2,0,0,0,0,1,12.00,2.67
Sergio Santos,NYY,37,2,0,0,0,3.0,3,2,3,0,1,0,0,0,0,0,6.00,1.00
Xavier Cedeno,WAS,33,5,0,0,0,3.0,3,2,4,2,1,0,0,0,2,0,6.00,1.67
Matt West,LAD,31,2,0,0,0,3.0,2,0,2,1,0,0,0,0,0,0,0.00,1.00
Donovan Hand,CIN,34,1,0,0,0,3.0,2,0,3,1,0,0,0,0,0,0,0.00,1.00
Louis Coleman,KC,34,4,0,0,0,3.0,1,0,1,2,0,1,0,0,0,0,0.00,1.00
Jeff Beliveau,TB,33,5,0,0,0,2.2,6,4,2,1,1,0,0,0,0,1,13.50,2.63
Alex Meyer,MIN,30,2,0,0,0,2.2,4,5,3,3,2,0,0,0,0,0,16.88,2.63
Phil Coke,TOR,37,2,0,0,0,2.2,1,1,3,2,1,0,0,0,0,0,3.38,1.13
Andrew Albers,TOR,34,1,0,0,0,2.2,1,1,1,2,1,0,0,0,0,0,3.38,1.13
Marco Gonzales,STL,28,1,1,0,0,2.2,7,4,1,1,1,0,0,0,0,0,13.50,3.00
Lucas Luetge,SEA,33,1,0,0,0,2.1,0,0,2,2,0,0,0,0,0,0,0.00,0.86
Kyle Davies,NYY,36,1,0,0,0,2.1,3,0,2,0,0,0,0,0,0,0,0.00,1.29
Chris Volstad,PIT,33,1,0,0,0,2.0,2,0,0,0,0,0,0,0,0,0,0.00,1.00
Adrian Houser,MIL,27,2,0,0,0,2.0,1,0,0,2,0,0,0,0,0,0,0.00,1.50
Adam Wilk,LAA,32,1,0,0,0,2.0,2,1,2,1,1,0,0,0,0,0,4.50,1.50
Seth Rosin,PHI,31,1,0,0,0,2.0,7,5,0,1,1,0,0,0,0,0,22.50,4.00
Roman Mendez,BOS,29,3,0,0,0,2.0,3,1,1,1,1,0,0,0,0,0,4.50,2.00
Preston Guilmet,MIL,32,2,0,0,0,2.0,4,6,1,2,1,0,0,0,0,0,27.00,3.00
Matt Tracy,NYY,31,1,0,0,0,2.0,2,0,1,2,0,0,0,0,0,0,0.00,2.00
Abel De Los Santos,WAS,27,2,0,0,0,1.2,2,1,3,1,1,0,0,0,0,0,5.40,1.80
Dan Winkler,ATL,30,2,0,0,0,1.2,2,2,2,1,2,0,0,0,0,0,10.80,1.80
Dalier Hinojosa,BOS,34,1,0,0,0,1.2,0,0,2,3,0,0,0,0,0,0,0.00,1.80
Javy Guerra,CWS,34,3,0,0,0,1.2,2,0,0,1,0,0,0,0,0,1,0.00,1.80
Kyuji Fujikawa,TEX,39,2,0,0,0,1.2,2,3,1,0,1,0,0,0,0,0,16.20,1.20
Wesley Wright,BAL,35,2,0,0,0,1.2,2,1,0,0,0,0,0,0,0,0,5.40,1.20
C.C. Lee,CLE,33,2,0,0,0,1.2,4,1,3,1,0,0,0,0,0,0,5.40,3.00
Juan Jaime,ATL,32,2,0,0,0,1.1,0,1,1,4,0,0,1,0,0,0,6.75,3.00
Chad Smith,OAK,30,2,0,0,0,1.1,5,5,2,3,0,0,0,0,0,0,33.75,6.00
Marcus Hatley,STL,32,2,0,0,0,1.1,1,0,2,2,0,0,0,0,0,0,0.00,2.25
Leonel Campos,SD,32,1,0,0,0,1.0,1,1,1,1,0,0,0,0,0,0,9.00,2.00
John Cornely,ATL,31,1,0,0,0,1.0,3,4,1,1,1,0,0,0,0,0,36.00,4.00
Jorge Rondon,COL,31,2,0,0,0,1.0,8,10,1,3,0,0,0,0,0,0,90.00,11.00
Ryan Mattheus,LAA,36,1,0,0,0,1.0,0,0,2,1,0,0,0,0,0,0,0.00,1.00
Cesar Cabral,BAL,31,2,0,0,0,1.0,0,0,1,1,0,0,0,0,0,0,0.00,1.00
Rob Rasmussen,TOR,31,1,0,0,0,1.0,1,0,1,0,0,0,0,0,0,0,0.00,1.00
Akeel Morris,NYM,27,1,0,0,0,0.2,3,5,0,3,1,0,0,0,0,0,67.50,9.00
Danny Burawa,NYY,31,1,0,0,0,0.2,3,4,1,1,1,0,0,0,0,0,54.00,6.00
Jo-Jo Reyes,LAA,35,1,0,0,0,0.1,0,0,0,0,0,1,0,0,0,0,0.00,0.00
Joe Nathan,DET,45,1,0,0,0,0.1,0,0,1,0,0,0,0,1,0,0,0.00,0.00